co_tom,sh4,n_linhas,n_mun_candidatos,concentracao,cnpj_basico,razao_social,nome_fantasia,fuzzy_score,palavras_chave,confianca,score
8179,8208,110,1,1.0,52100859,ALEMAOZINHO FACAS LTDA,ALEMAOZINHO FACAS,1.0,FACAS,baixa,1.0
7107,6106,127,1,1.0,54877202,INTIMISSIMI LTDA,,0.8148148148148148,PHASES INTIMISSIMI ULLA FUEGO RIVIERA PERFORATED,media,0.9166666666666665
6001,3917,89,1,1.0,23449421,JJ ANESTESIA,,0.8571428571428571,DESGASIFICACAO AMOSTRAGEM ANESTESIA REFORCADO MATERIAS PLASTICA,alta,0.9137142857142857
6001,7304,157,2,0.9999966160999199,48032501,FDA APERFEICOAMENTO LTDA,,0.7692307692307692,APERFEICOAMENTO DECLARACAODA CLADEADO BENEFICIADO OLEODUTOS GASODUTOS,media,0.896152661788818
7107,3822,2994,1,1.0,28182195,MRS ENDOCRINOLOGIA LTDA,MRS ENDOCRINOLOGIA,0.7567567567567568,UIBC ENDOCRINOLOGIA FRUCTOSAMINE RHEV FERENE MOULDS,media,0.8905405405405404
7107,6107,122,1,1.0,46861263,H CERIMONIAL LTDA,H CERIMONIAL,0.7407407407407408,FUGIW FSGXN ADORACAOEM CERIMONIAL HASAN TRADITIONAL,baixa,0.8833333333333333
8179,5404,194,1,1.0,66638869,ARTEMIS LTDA,,0.736842105263158,ARTEMIS MONOFILAMENTOS DURA FLUORESCENTE FLUOROCARBON CARRETEL,baixa,0.881578947368421
6875,7228,130,1,1.0,08461885,CONSTANTE ARTHUR,,0.72,OISO TREFILADA CRNI RETIFICADA TODO CONSTANTE,baixa,0.8739999999999999
7107,7010,1259,1,1.0,38152133,GALIL AROMATIZADORES LTDA,,0.717948717948718,MAROK ARODE PARAVEDAR AROMATIZADORES ACONDIONAMENTO PURION,baixa,0.8730769230769231
7107,5905,275,1,1.0,50582277,VERSO SCP,,0.7142857142857143,CASELIO SUPERFICIO LINN KONOTORI PERMITA VERSO,baixa,0.8714285714285714
5705,9405,267,1,1.0,45635418,TWIGGY LTDA,TWIGGY,0.7058823529411765,DECORACAOD TWIGGY ATOLLO IDEALLUX CHOUCHIN ARTICOLO,baixa,0.8676470588235294
7107,9006,224,1,1.0,58932431,MiMo Fotografica LTDA,MIMO FOTOGRAFICA,0.6875,DESPOLIDO FOTOGRAFICA AUTOFOCO DIAL GRAVURA ZOOM,baixa,0.859375
7535,8518,417,1,1.0,62488718,FISSA LTDA,FISSA,0.6666666666666665,APBMW FISSA TRECCIA OLYMPICA BREITBAND DTDAMP,baixa,0.8499999999999999
6713,6807,140,1,1.0,64377481,JR ACUSTICA LTDA,JR ACUSTICA,0.6666666666666665,ASFALTICA ASFALTICO MANTA ACUSTICA ACUSTICO FACES,baixa,0.8499999999999999
7075,7326,340,1,1.0,10504485,ABC CAMINHOES LTDA,ABC CAMINHOES,0.6666666666666665,BUCHA CAMINHOES METAL UTILIZADO ABRACADEIRA TUBULACAO,baixa,0.8499999999999999
7107,4814,149,1,1.0,16888382,FY DESENHOS LTDA,FY DESENHOS,0.6666666666666665,MAYFLOWER GRANIDA GOFRADA DESENHOS DECORADA RECOBERTO,baixa,0.8499999999999999
7107,4016,128,1,1.0,61312898,RECAUCHUTAGEM RECAMAR LTDA,,0.6666666666666665,RECAUCHUTAGEM EPDMFF NBRP BERMAD RETROLAVAGEM TRANTER,baixa,0.8499999999999999
7107,710,224,1,1.0,49240689,BROTO S.A.,,0.6666666666666665,ESPINAFRES TAEQ VAGENS EDAMAME VAGEM BROTO,baixa,0.8499999999999999
8179,7304,96,1,1.0,02720814,RGC LAMINADOS LTDA,,0.6666666666666665,LIGADOS INJETOR BICO LAMINADOS MITSUBISHI ASTM,baixa,0.8419999999999999
7107,9606,265,1,1.0,54984517,NOTA ECOLOGICA LTDA,,0.6428571428571428,MULTIPLUS ECOVELVET ECOLAT COROZO BIODEGRADAVEL ECOLOGICA,baixa,0.8392857142857142
7107,8421,137,1,1.0,56142762,BAR CONSENSO LTDA,CONSENSO,0.64,RTFA EXCISAO ATEC FAISCA TEAT CONSENSO,baixa,0.8380000000000001
7535,8707,7092,1,1.0,53472476,GE TAPETES LTDA,,0.6363636363636364,BAGAGENS ALMOFADAS TAPETES COMPLETA ASSENTOS BORDO,baixa,0.8363636363636364
0255,7317,135,1,1.0,04799854,IMPORTADORA E EXPORTADORA SAO JORGE LTDA,,0.6363636363636364,PRESILHA CLIP SPLIT EVAPORADORA FIXAR IMPORTADOR,baixa,0.8363636363636364
7107,4014,166,3,0.9991688585111713,19004440,SP CHURROS LTDA,,0.6363636363636364,PRUDENCE FOILEMBALAGEM CHURROS PRESERVATIVO GROSA GROSAS,baixa,0.8360727368425462
7107,3304,630,2,0.9955735051094399,32391375,ATELIER KC LTDA,,0.6363636363636364,CINTIL CINTILANTE ROSÊS SMACKER FEBELLA ATELIER,baixa,0.8348143631519402
7107,9504,103,1,1.0,62289044,STANDE TABULEIROS LTDA,,0.625,CATAN TABULEIROS PEOES BGRUNAKPT RUINAS ARNAK,baixa,0.83125
7107,4823,370,1,1.0,51997205,ROUPAS PERFUMADAS LTDA,,0.625,PAPEPEDIDO PUPEDIDO RESGUARDAR TESTOWE PASKI PERFUMADAS,baixa,0.83125
6251,8547,148,1,1.0,00907845,TE CONNECTIVITY BRASIL INDUSTRIA DE ELETRONICOS LTDA,TE CONNECTIVITY BRASIL,0.6229508196721312,ELETROMECÂNICOS RECEPTÁCULO CONNECTIVITY DESPROVIDO INTEIRAMENTE RELES,baixa,0.8303278688524589
7145,4010,13,1,1.0,11059717,QUANTIX RUBBER COMERCIO DE BORRACHA LTDA,QUANTIX RUBBER,1.0,BORRACHA,baixa,0.8260000000000001
4371,2519,203,1,1.0,08684547,MAGNESITA REFRATARIOS S.A,,0.6111111111111112,MAGNESIA ELETROFUNDIDA REFRATARIOS GRANULOMETRIA CROMITA APROXIMADA,baixa,0.825
7535,6303,212,1,1.0,52986133,CORTINA MED LTDA,CORTINA MED,0.6086956521739131,MUNIDA INSTALADA RETRATIL PERSIANA CORTINA SINTETICO,baixa,0.8239130434782609
7107,6112,1092,1,1.0,41144625,SRD BAMBINO LTDA,BAMBINO,0.6086956521739131,COMGOLA BOTOESNAS SCANDIA NAPPYSEAHORSE BAMBINO REUSABL,baixa,0.8239130434782609
7145,7415,610,1,1.0,27380926,ONA ESSENZA LTDA,ONA ESSENZA,0.6086956521739131,OILITE EESPACADORES ESSENZA TURBOCHARGE HAWKE HARWIN,baixa,0.8239130434782609
7107,6108,152,1,1.0,18038595,JEITO DE DORMIR COMERCIO DE PIJAMA LTDA,JEITO DE DORMIR COMERCIO DE PIJAMA LTDA,0.6075949367088608,PENHOAR DORMIR CAMISOLA FAIRLY PIJAMA TULLE,baixa,0.8234177215189873
6477,6402,1569,1,1.0,60064718,MS GRID TRANSITION LTDA,,0.6060606060606061,STRAWBER BRASI TRANSITION HAVAIANAS MUULTICOLOR SANDALIAD,baixa,0.8227272727272728
7145,6903,119,1,1.0,05536633,LCS INJECAO TERMOPLASTICA LTDA,,0.6046511627906976,NELES METSO ESPIRALADA GRAFITE TERMOPLASTICA PTFE,baixa,0.8220930232558139
1389,7009,91,1,1.0,05509577,CABYTE DADOS E PROCESSAMENTOS LTDA,,0.6444444444444444,ESPIÃO CRITAL FILETADO PROCESSAMENTOS EMOLDURADO ESPELHO,baixa,0.822
8089,5807,230,1,1.0,51654313,VERSAR TRADUCOES LTDA,,0.6,WLZWPRD PAEO CLZCDEN PATR TRADUCOES AALTA,baixa,0.8200000000000001
7107,9209,224,1,1.0,07918795,TAMARINDO DESIGN LTDA,,0.6,ARUNDO DONAX SAXOFONES TAMARINDO MARSALE PARAINSTRUMENTO,baixa,0.8200000000000001
6713,2507,9532,1,1.0,52553245,ASR CERAMICA LTDA,CERAMICA VILA SUICA,0.6,CAULÍNICA ARGILA CAULINICA VELA CAULINÍTICA CERAMICA,baixa,0.8200000000000001
7107,1902,342,1,1.0,68093803,MEGUMI 3D LTDA,MEGUMI 3D,0.6,SUNAOSHI TONKOTSU DAICHINO MEGUMI HONOKUNI IBOGAWA,baixa,0.8200000000000001
6213,4821,158,1,1.0,63319135,Etiqueta Facil LTDA,,0.5925925925925926,YUPO HPMC INFORMAÇÃO ETIQUETA PLANA RADIOS,baixa,0.8166666666666667
7107,3215,133,1,1.0,63159657,BLACK AMETHYST LTDA,BLACK AMETHYST,0.5925925925925926,NUTEC AMETHYST TECIDOSMISTOS ARIGI TOPAZ METHOXYPROPYL,baixa,0.8166666666666667
7075,7311,244,1,1.0,48307624,PLANO CHEMOURS PREV,,0.5925925925925926,RSPQ CHEMOURS SRCX INTERDEPENDENTES LIQUIDOACUMULADOR OCOMPRESSOR,baixa,0.8166666666666667
6477,3907,146,1,1.0,05660045,EDITORA INTRINSECA LTDA.,,0.5882352941176471,MIXTO INTRÍNSECA FLAKES INTRISECA INTRINSECA FLAKE,baixa,0.8147058823529412
7107,9503,28580,1,1.0,11187453,VENDMANIA IMPORTACAO E EXPORTACAO LTDA,,0.5853658536585367,METOO BRNQUEDO BENIC PONTODAS VENDMANIA CREC,baixa,0.8134146341463415
7107,2106,100,1,1.0,30145063,ESCONDIDINHO DO NORDESTE LTDA,ESCONDIDINHO DO NORDESTE,0.5853658536585367,FRUGURT VITAGOMAS TURAL INELATTE CHEWS ESCONDIDINHO,baixa,0.8134146341463415
5343,7415,309,2,0.9967602591792657,18096998,POLIRIM FABRICACAO DE ARTEFATOS PLASTICOS LTDA,,0.5858585858585859,OTUBO ARTEFATOROSCADO TRAVEMENTO LATAO ARTEFATO SPLIT,baixa,0.8125024543491066
6001,2208,286,1,1.0,09551380,ADVOCACIA XIMENES,,0.5833333333333334,BOTRAN XIMENES DEVERON CACHACAS AMAZZONI PITU,baixa,0.8125
7535,9404,5198,1,1.0,16797186,MABELLE DE CASTRO,,0.5833333333333334,MABELLE KAYBEE ACOMPANHADOSDE JANYS DIMAS PBSB,baixa,0.8125
