numero_de_ordem,anomes,cod_ncm,pais_de_origem,descricao_do_produto,peso_liquido,vmle_dolar
OP-1000169,2024-12,30049099,INDIA,MEDICAMENTO PARA USO HUMANO A BASE DE CLORIDRATO DE ONDANSETRONA 8MG COMPRIMIDOS CX C/ 30 UNIDADES LOTE 540/24 EMBALAGEM PADRAO PALETIZADA,0.131,16.03
OP-1000221,2023-08,39012010,ARGENTINA,RESINA POLIETILENO DE ALTA DENSIDADE (PEAD) VIRGEM EM PELETS GRAU SOPRO INDICE FLUIDEZ 0.3 G/10MIN DENSIDADE 0.954 LOTE 291/21 EMBALAGEM PADRAO PALETIZADA,25509.98,23479.05
OP-1000451,2023-05,85372000,ITALIA,"ITEM IMPORTADO CONFORME ESPECIFICACAO COMERCIAL DO FORNECEDOR RELATIVO A QUADROS, ETC, COM APARELHOS INTERRUPTORES DE CIRCUITO ELÉTRICO, TENSÃO > 1 KV",412.013,3753.79
OP-1000313,2024-04,62034200,INDIA,CALCA MASCULINA DE TECIDO PLANO 100% ALGODAO DENIM SARJA 3X1 PESO 12 OZ TAMANHOS DIVERSOS,73.452,1230.49
OP-1000188,2024-03,30049099,MEXICO,MEDICAMENTO PARA USO HUMANO A BASE DE CLORIDRATO DE ONDANSETRONA 8MG COMPRIMIDOS CX C/ 30 UNIDADES LOTE 470/21,0.085,17.6
OP-1000383,2023-08,87083090,ESTADOS UNIDOS,PASTILHA DE FREIO A DISCO DIANTEIRO ISENTA DE AMIANTO COMPATIVEL COM PICK-UP REF FP-882 JOGO C/ 4 PECAS EMBALAGEM PADRAO PALETIZADA,3.956,21.83
OP-1000311,2024-09,62034200,ALEMANHA,CALCA MASCULINA DE TECIDO PLANO 100% ALGODAO DENIM SARJA 3X1 PESO 12 OZ TAMANHOS DIVERSOS LOTE 669/24,114.821,1581.17
OP-1000225,2024-11,39012010,FRANCA,RESINA POLIETILENO DE ALTA DENSIDADE (PEAD) VIRGEM EM PELETS GRAU SOPRO INDICE FLUIDEZ 0.3 G/10MIN DENSIDADE 0.954 LOTE 286/22,26810.05,40511.76
OP-1000113,2024-10,85423919,CHINA,AMPLIFICADOR OPERACIONAL DE BAIXO RUIDO DUPLO TIPO SOIC-8 ALIMENTACAO 5V A 15V LOTE 690/21 EMBALAGEM PADRAO PALETIZADA,0.002,1.05
OP-1000125,2023-09,85423919,INDIA,AMPLIFICADOR OPERACIONAL DE BAIXO RUIDO DUPLO TIPO SOIC-8 ALIMENTACAO 5V A 15V LOTE 389/23 EMBALAGEM PADRAO PALETIZADA,0.002,0.94
OP-1000155,2024-04,85365090,ESTADOS UNIDOS,INTERRUPTOR SECCIONADOR ROTATIVO TRIPOLAR 63A 690V FIXACAO FRONTAL IP65 COM MANOPLA TRAVAVEL LOTE 386/21 EMBALAGEM PADRAO PALETIZADA,0.525,42.82
OP-1000290,2023-11,52083200,FRANCA,TECIDO DE ALGODAO 100% TINTO EM LONA LIGAMENTO TELA LARGURA 1.60 M GRAMATURA 280 G/M2 DESTINADO A CONFECCAO LOTE 106/23,362.216,3723.42
OP-1000465,2023-11,23099060,MEXICO,"ITEM IMPORTADO CONFORME ESPECIFICACAO COMERCIAL DO FORNECEDOR RELATIVO A PREPARAÇÕES QUE CONTENHAM XILANASE E BETAGLUCONASE, COM SUPORTE DE FARINHA DE TRIGO, DOS TIPOS UTILIZADOS NA ALIMENTAÇÃO DE ANIMAIS",110.291,8962.86
OP-1000351,2023-01,18063210,JAPAO,CHOCOLATE EM TABLETES CONTENDO CACAU RECHEADO EM EMBALAGENS DE 100G PARA CONSUMO DIRETO LOTE 440/24 EMBALAGEM PADRAO PALETIZADA,320.286,1555.71
OP-1000148,2024-03,85044021,ESTADOS UNIDOS,FONTE DE ALIMENTACAO CHAVEADA AC/DC ENTRADA 100-240V SAIDA 24VDC 10A 240W MODELO HDR-240-24 TRILHO DIN LOTE 244/22 EMBALAGEM PADRAO PALETIZADA,0.768,62.57
OP-1000054,2023-08,84821010,ITALIA,ROLAMENTO DE ESFERAS RADIAL DE UMA CARREIRA REF 6205-2RS DIMENSAO 25X52X15 MM FOLGA C3 PARA MOTOR ELETRICO,0.139,8.4
OP-1000295,2024-10,52083200,INDIA,TECIDO DE ALGODAO 100% TINTO EM LONA LIGAMENTO TELA LARGURA 1.60 M GRAMATURA 280 G/M2 DESTINADO A CONFECCAO LOTE 880/22 EMBALAGEM PADRAO PALETIZADA,586.871,2702.98
OP-1000324,2023-09,22042100,ARGENTINA,VINHO FINO TINTO SECO ELABORADO COM UVAS CABERNET SAUVIGNON SAFRA 2022 TEOR ALCOLICO 13.5% VOL GARRAFAS 750ML LOTE 600/24,1455.029,4227.86
OP-1000140,2023-04,85044021,FRANCA,FONTE DE ALIMENTACAO CHAVEADA AC/DC ENTRADA 100-240V SAIDA 24VDC 10A 240W MODELO HDR-240-24 TRILHO DIN EMBALAGEM PADRAO PALETIZADA,0.774,67.18
OP-1000453,2023-03,87141000,CHINA,ITEM IMPORTADO CONFORME ESPECIFICACAO COMERCIAL DO FORNECEDOR RELATIVO A PARTES E ACESSÓRIOS DE MOTOCICLETAS (INCLUSIVE CICLOMOTORES),498.584,2017.62
OP-1000083,2024-07,84137090,ESTADOS UNIDOS,BOMBA CENTRIFUGA MULTIESTAGIO VERTICAL POTENCIA 7.5 HP 220/380V VAZAO 12 M3/H PRESSAO 8.5 BAR ROTOR INOX LOTE 576/23 EMBALAGEM PADRAO PALETIZADA,46.195,1671.16
OP-1000401,2023-03,87089990,ALEMANHA,BARRA ESTABILIZADORA DA SUSPENSAO DIANTEIRA FORJADA EM ACO LIGA DE ALTA RESISTENCIA DIAMETRO 24MM LOTE 108/22,9.477,41.43
OP-1000379,2023-10,87083090,INDIA,PASTILHA DE FREIO A DISCO DIANTEIRO ISENTA DE AMIANTO COMPATIVEL COM PICK-UP REF FP-882 JOGO C/ 4 PECAS,2.451,26.07
OP-1000193,2024-09,30022029,MEXICO,VACINA PARA USO VETERINARIO INATIVADA CONTRA CLOSTRIDIOSE EM FRASCO AMPOLA CONTENDO 50 DOSES 100ML LOTE 739/23 EMBALAGEM PADRAO PALETIZADA,0.198,11.06
OP-1000101,2024-03,85423190,FRANCA,CIRCUITO INTEGRADO MICROCONTROLADOR SMD 32 BITS NUCLEO ARM CORTEX-M4 FLASH 512KB ENCAPSULAMENTO LQFP-64 EMBALAGEM PADRAO PALETIZADA,0.001,3.42
OP-1000263,2023-05,38089199,ARGENTINA,INSETICIDA AGRICOLA FORMULACAO SUSPENSAO CONCENTRADA A BASE DE TIAMETOXAM 350 G/L GL COM 5 LITROS EMBALAGEM PADRAO PALETIZADA,8.817,88.25
OP-1000354,2024-01,18063210,JAPAO,CHOCOLATE EM TABLETES CONTENDO CACAU RECHEADO EM EMBALAGENS DE 100G PARA CONSUMO DIRETO EMBALAGEM PADRAO PALETIZADA,546.06,1899.96
OP-1000445,2024-10,85432000,JAPAO,ITEM IMPORTADO CONFORME ESPECIFICACAO COMERCIAL DO FORNECEDOR RELATIVO A GERADORES DE SINAIS,413.367,6983.94
OP-1000093,2023-07,85423190,INDIA,CIRCUITO INTEGRADO MICROCONTROLADOR SMD 32 BITS NUCLEO ARM CORTEX-M4 FLASH 512KB ENCAPSULAMENTO LQFP-64 EMBALAGEM PADRAO PALETIZADA,0.003,4.22
OP-1000387,2023-09,87083090,CHINA,PASTILHA DE FREIO A DISCO DIANTEIRO ISENTA DE AMIANTO COMPATIVEL COM PICK-UP REF FP-882 JOGO C/ 4 PECAS LOTE 229/22,3.66,29.15
OP-1000004,2023-06,84818099,CHINA,VALVULA DE CONTROLE PNEUMATICA MODELO VCP-40 DN 50 CORPO EM ACO INOX AISI 316 PRESSAO 150 LBS APLICACAO INDUSTRIAL LOTE 448/23,19.549,460.17
OP-1000066,2024-04,84822010,COREIA DO SUL,ROLAMENTO DE ROLOS CONICOS SERIE METRICA REF 32210 DIMENSAO 50X90X24.75 MM APLICACAO TRANSMISSAO AUTOMOTIVA,0.905,16.93
OP-1000061,2024-10,84821010,COREIA DO SUL,ROLAMENTO DE ESFERAS RADIAL DE UMA CARREIRA REF 6205-2RS DIMENSAO 25X52X15 MM FOLGA C3 PARA MOTOR ELETRICO LOTE 278/23,0.117,7.63
OP-1000276,2023-10,31021010,JAPAO,UREIA AGRICOLA FERTILIZANTE GRANULADA COM TEOR MINIMO DE 46% DE NITROGENIO TOTAL EMBALAGEM BIG BAG DE 1000 KG EMBALAGEM PADRAO PALETIZADA,86353.521,32087.13
OP-1000161,2023-09,85365090,INDIA,INTERRUPTOR SECCIONADOR ROTATIVO TRIPOLAR 63A 690V FIXACAO FRONTAL IP65 COM MANOPLA TRAVAVEL LOTE 212/21,0.624,45.3
OP-1000037,2023-04,84818099,COREIA DO SUL,VALVULA DE RETENCAO DE FLUXO REF VRET-12 EM BRONZE CONEXAO ROSCADA 1/2 POLEGADA NPT LOTE 683/22 EMBALAGEM PADRAO PALETIZADA,0.93,66.71
OP-1000271,2024-05,31021010,COREIA DO SUL,UREIA AGRICOLA FERTILIZANTE GRANULADA COM TEOR MINIMO DE 46% DE NITROGENIO TOTAL EMBALAGEM BIG BAG DE 1000 KG LOTE 582/21 EMBALAGEM PADRAO PALETIZADA,43328.719,30080.82
OP-1000075,2023-12,84137090,CHINA,BOMBA CENTRIFUGA MULTIESTAGIO VERTICAL POTENCIA 7.5 HP 220/380V VAZAO 12 M3/H PRESSAO 8.5 BAR ROTOR INOX,74.023,1556.32
OP-1000157,2023-02,85365090,ARGENTINA,INTERRUPTOR SECCIONADOR ROTATIVO TRIPOLAR 63A 690V FIXACAO FRONTAL IP65 COM MANOPLA TRAVAVEL,0.455,45.06
OP-1000224,2024-12,39012010,MEXICO,RESINA POLIETILENO DE ALTA DENSIDADE (PEAD) VIRGEM EM PELETS GRAU SOPRO INDICE FLUIDEZ 0.3 G/10MIN DENSIDADE 0.954 LOTE 236/21,37655.878,40125.58
OP-1000013,2023-05,84818099,FRANCA,VALVULA DE CONTROLE PNEUMATICA MODELO VCP-40 DN 50 CORPO EM ACO INOX AISI 316 PRESSAO 150 LBS APLICACAO INDUSTRIAL,16.46,488.76
OP-1000362,2023-08,87082999,MEXICO,PAINEL LATERAL EXTERNO ESTAMPADO EM CHAPA DE ACO GALVANIZADO PARA CARROCERIA DE VEICULO AUTOMOTOR COD PECA 517823 LOTE 500/24 EMBALAGEM PADRAO PALETIZADA,19.476,134.67
OP-1000218,2023-07,39012010,JAPAO,RESINA POLIETILENO DE ALTA DENSIDADE (PEAD) VIRGEM EM PELETS GRAU SOPRO INDICE FLUIDEZ 0.3 G/10MIN DENSIDADE 0.954 LOTE 661/24,17644.408,25541.93
OP-1000348,2023-08,18063210,INDIA,CHOCOLATE EM TABLETES CONTENDO CACAU RECHEADO EM EMBALAGENS DE 100G PARA CONSUMO DIRETO LOTE 273/24,544.98,2527.32
OP-1000009,2023-07,84818099,ARGENTINA,VALVULA DE CONTROLE PNEUMATICA MODELO VCP-40 DN 50 CORPO EM ACO INOX AISI 316 PRESSAO 150 LBS APLICACAO INDUSTRIAL LOTE 818/21 EMBALAGEM PADRAO PALETIZADA,23.454,284.24
OP-1000115,2024-04,85423919,ESTADOS UNIDOS,AMPLIFICADOR OPERACIONAL DE BAIXO RUIDO DUPLO TIPO SOIC-8 ALIMENTACAO 5V A 15V,0.001,0.99
OP-1000377,2024-06,87082999,COREIA DO SUL,PAINEL LATERAL EXTERNO ESTAMPADO EM CHAPA DE ACO GALVANIZADO PARA CARROCERIA DE VEICULO AUTOMOTOR COD PECA 517823 LOTE 606/24 EMBALAGEM PADRAO PALETIZADA,15.783,100.74
OP-1000094,2024-09,85423190,FRANCA,CIRCUITO INTEGRADO MICROCONTROLADOR SMD 32 BITS NUCLEO ARM CORTEX-M4 FLASH 512KB ENCAPSULAMENTO LQFP-64 LOTE 558/21,0.002,4.81
OP-1000319,2024-06,22042100,ITALIA,VINHO FINO TINTO SECO ELABORADO COM UVAS CABERNET SAUVIGNON SAFRA 2022 TEOR ALCOLICO 13.5% VOL GARRAFAS 750ML,1326.731,3913.69
OP-1000123,2024-02,85423919,JAPAO,AMPLIFICADOR OPERACIONAL DE BAIXO RUIDO DUPLO TIPO SOIC-8 ALIMENTACAO 5V A 15V LOTE 583/22,0.001,1.01
OP-1000241,2023-10,39233090,JAPAO,FRASCOS DE POLIETILENO TEREFTALATO (PET) CAPACIDADE 500 ML CRISTAL TRANSPARENTE COM GARGALO 28MM PCO 1881 LOTE 828/22 EMBALAGEM PADRAO PALETIZADA,1776.593,5843.99
OP-1000228,2023-02,39012010,ARGENTINA,RESINA POLIETILENO DE ALTA DENSIDADE (PEAD) VIRGEM EM PELETS GRAU SOPRO INDICE FLUIDEZ 0.3 G/10MIN DENSIDADE 0.954 LOTE 439/23,38215.5,28513.68
OP-1000288,2023-10,52083200,ARGENTINA,TECIDO DE ALGODAO 100% TINTO EM LONA LIGAMENTO TELA LARGURA 1.60 M GRAMATURA 280 G/M2 DESTINADO A CONFECCAO LOTE 875/22,442.346,2134.43
OP-1000111,2024-03,85423919,FRANCA,AMPLIFICADOR OPERACIONAL DE BAIXO RUIDO DUPLO TIPO SOIC-8 ALIMENTACAO 5V A 15V,0.002,1.0
OP-1000466,2023-09,84483219,CHINA,ITEM IMPORTADO CONFORME ESPECIFICACAO COMERCIAL DO FORNECEDOR RELATIVO A OUTRAS PARTES E ACESSÓRIOS DE CARDAS,404.518,4743.26
OP-1000303,2023-05,62034200,INDIA,CALCA MASCULINA DE TECIDO PLANO 100% ALGODAO DENIM SARJA 3X1 PESO 12 OZ TAMANHOS DIVERSOS LOTE 456/21,144.283,1229.69
OP-1000257,2024-04,38089199,JAPAO,INSETICIDA AGRICOLA FORMULACAO SUSPENSAO CONCENTRADA A BASE DE TIAMETOXAM 350 G/L GL COM 5 LITROS EMBALAGEM PADRAO PALETIZADA,7.091,99.79
OP-1000126,2024-03,85423919,ALEMANHA,AMPLIFICADOR OPERACIONAL DE BAIXO RUIDO DUPLO TIPO SOIC-8 ALIMENTACAO 5V A 15V LOTE 453/23 EMBALAGEM PADRAO PALETIZADA,0.001,1.11
OP-1000473,2024-04,84335990,INDIA,ITEM IMPORTADO CONFORME ESPECIFICACAO COMERCIAL DO FORNECEDOR RELATIVO A OUTRAS MÁQUINAS E APARELHOS PARA COLHEITA,155.217,4929.84
OP-1000248,2024-08,39233090,JAPAO,FRASCOS DE POLIETILENO TEREFTALATO (PET) CAPACIDADE 500 ML CRISTAL TRANSPARENTE COM GARGALO 28MM PCO 1881 LOTE 614/22 EMBALAGEM PADRAO PALETIZADA,1567.111,4110.69
OP-1000038,2024-07,84818099,MEXICO,VALVULA DE RETENCAO DE FLUXO REF VRET-12 EM BRONZE CONEXAO ROSCADA 1/2 POLEGADA NPT LOTE 367/22 EMBALAGEM PADRAO PALETIZADA,0.892,36.89
OP-1000205,2023-03,30042099,INDIA,ANTIBIOTICO CEFTIOFUR SODICO ESTERIL PO PARA SUSPENSAO INJETAVEL USO VETERINARIO FRASCO 4G LOTE 533/23,0.097,19.57
OP-1000072,2023-08,84822010,JAPAO,ROLAMENTO DE ROLOS CONICOS SERIE METRICA REF 32210 DIMENSAO 50X90X24.75 MM APLICACAO TRANSMISSAO AUTOMOTIVA,0.651,15.09
OP-1000250,2023-09,39233090,MEXICO,FRASCOS DE POLIETILENO TEREFTALATO (PET) CAPACIDADE 500 ML CRISTAL TRANSPARENTE COM GARGALO 28MM PCO 1881 LOTE 885/24 EMBALAGEM PADRAO PALETIZADA,877.453,3785.48
OP-1000368,2024-01,87082999,ITALIA,PAINEL LATERAL EXTERNO ESTAMPADO EM CHAPA DE ACO GALVANIZADO PARA CARROCERIA DE VEICULO AUTOMOTOR COD PECA 517823 LOTE 290/24,16.843,172.12
OP-1000040,2024-07,84818099,MEXICO,VALVULA DE RETENCAO DE FLUXO REF VRET-12 EM BRONZE CONEXAO ROSCADA 1/2 POLEGADA NPT LOTE 175/22 EMBALAGEM PADRAO PALETIZADA,2.075,34.11
OP-1000444,2024-03,05119910,JAPAO,ITEM IMPORTADO CONFORME ESPECIFICACAO COMERCIAL DO FORNECEDOR RELATIVO A EMBRIÕES DE ANIMAIS,426.389,949.69
OP-1000358,2024-06,87082999,COREIA DO SUL,PAINEL LATERAL EXTERNO ESTAMPADO EM CHAPA DE ACO GALVANIZADO PARA CARROCERIA DE VEICULO AUTOMOTOR COD PECA 517823 EMBALAGEM PADRAO PALETIZADA,16.484,168.85
OP-1000481,2024-04,28164090,ARGENTINA,"ITEM IMPORTADO CONFORME ESPECIFICACAO COMERCIAL DO FORNECEDOR RELATIVO A ÓXIDOS, HIDRÓXIDOS, PERÓXIDOS DE ESTRÔNCIO, ETC.",87.927,9688.99
OP-1000080,2024-01,84137090,ARGENTINA,BOMBA CENTRIFUGA MULTIESTAGIO VERTICAL POTENCIA 7.5 HP 220/380V VAZAO 12 M3/H PRESSAO 8.5 BAR ROTOR INOX EMBALAGEM PADRAO PALETIZADA,50.884,1647.92
OP-1000236,2023-12,39233090,FRANCA,FRASCOS DE POLIETILENO TEREFTALATO (PET) CAPACIDADE 500 ML CRISTAL TRANSPARENTE COM GARGALO 28MM PCO 1881 EMBALAGEM PADRAO PALETIZADA,1588.763,6068.79
OP-1000152,2024-11,85365090,FRANCA,INTERRUPTOR SECCIONADOR ROTATIVO TRIPOLAR 63A 690V FIXACAO FRONTAL IP65 COM MANOPLA TRAVAVEL,0.33,22.91
OP-1000261,2023-03,38089199,JAPAO,INSETICIDA AGRICOLA FORMULACAO SUSPENSAO CONCENTRADA A BASE DE TIAMETOXAM 350 G/L GL COM 5 LITROS,7.381,89.94
OP-1000469,2023-02,61169900,ITALIA,"ITEM IMPORTADO CONFORME ESPECIFICACAO COMERCIAL DO FORNECEDOR RELATIVO A LUVAS, MITENES E SEMELHANTES, DE MALHA, DE OUTRAS MATÉRIAS TÊXTEIS",288.27,9827.51
OP-1000210,2024-12,30042099,JAPAO,ANTIBIOTICO CEFTIOFUR SODICO ESTERIL PO PARA SUSPENSAO INJETAVEL USO VETERINARIO FRASCO 4G LOTE 339/22,0.058,16.01
OP-1000048,2023-10,84821010,CHINA,ROLAMENTO DE ESFERAS RADIAL DE UMA CARREIRA REF 6205-2RS DIMENSAO 25X52X15 MM FOLGA C3 PARA MOTOR ELETRICO EMBALAGEM PADRAO PALETIZADA,0.167,6.47
OP-1000256,2024-07,38089199,ARGENTINA,INSETICIDA AGRICOLA FORMULACAO SUSPENSAO CONCENTRADA A BASE DE TIAMETOXAM 350 G/L GL COM 5 LITROS LOTE 294/22,9.25,75.29
OP-1000253,2023-11,39233090,ALEMANHA,FRASCOS DE POLIETILENO TEREFTALATO (PET) CAPACIDADE 500 ML CRISTAL TRANSPARENTE COM GARGALO 28MM PCO 1881 LOTE 426/23 EMBALAGEM PADRAO PALETIZADA,1453.064,4987.99
OP-1000005,2024-01,84818099,ESTADOS UNIDOS,VALVULA DE CONTROLE PNEUMATICA MODELO VCP-40 DN 50 CORPO EM ACO INOX AISI 316 PRESSAO 150 LBS APLICACAO INDUSTRIAL EMBALAGEM PADRAO PALETIZADA,25.418,331.55
OP-1000098,2024-08,85423190,INDIA,CIRCUITO INTEGRADO MICROCONTROLADOR SMD 32 BITS NUCLEO ARM CORTEX-M4 FLASH 512KB ENCAPSULAMENTO LQFP-64,0.002,4.71
OP-1000129,2023-05,85044021,CHINA,FONTE DE ALIMENTACAO CHAVEADA AC/DC ENTRADA 100-240V SAIDA 24VDC 10A 240W MODELO HDR-240-24 TRILHO DIN LOTE 704/23 EMBALAGEM PADRAO PALETIZADA,1.334,49.18
OP-1000280,2024-10,31021010,CHINA,UREIA AGRICOLA FERTILIZANTE GRANULADA COM TEOR MINIMO DE 46% DE NITROGENIO TOTAL EMBALAGEM BIG BAG DE 1000 KG LOTE 331/22,75749.004,21451.27
OP-1000139,2024-09,85044021,JAPAO,FONTE DE ALIMENTACAO CHAVEADA AC/DC ENTRADA 100-240V SAIDA 24VDC 10A 240W MODELO HDR-240-24 TRILHO DIN LOTE 806/23,1.305,66.76
OP-1000353,2024-01,18063210,ALEMANHA,CHOCOLATE EM TABLETES CONTENDO CACAU RECHEADO EM EMBALAGENS DE 100G PARA CONSUMO DIRETO LOTE 398/24 EMBALAGEM PADRAO PALETIZADA,512.688,2140.74
OP-1000355,2024-10,18063210,ALEMANHA,CHOCOLATE EM TABLETES CONTENDO CACAU RECHEADO EM EMBALAGENS DE 100G PARA CONSUMO DIRETO LOTE 127/24 EMBALAGEM PADRAO PALETIZADA,321.923,2955.7
OP-1000107,2024-04,85423190,MEXICO,CIRCUITO INTEGRADO MICROCONTROLADOR SMD 32 BITS NUCLEO ARM CORTEX-M4 FLASH 512KB ENCAPSULAMENTO LQFP-64,0.002,3.79
OP-1000220,2023-01,39012010,INDIA,RESINA POLIETILENO DE ALTA DENSIDADE (PEAD) VIRGEM EM PELETS GRAU SOPRO INDICE FLUIDEZ 0.3 G/10MIN DENSIDADE 0.954 LOTE 688/22 EMBALAGEM PADRAO PALETIZADA,40508.912,36714.21
OP-1000281,2024-10,31021010,ESTADOS UNIDOS,UREIA AGRICOLA FERTILIZANTE GRANULADA COM TEOR MINIMO DE 46% DE NITROGENIO TOTAL EMBALAGEM BIG BAG DE 1000 KG LOTE 105/22,57731.575,30594.47
OP-1000477,2023-02,10039090,CHINA,"ITEM IMPORTADO CONFORME ESPECIFICACAO COMERCIAL DO FORNECEDOR RELATIVO A OUTRAS CEVADAS, EXCETO EM GRÃO",74.708,7061.73
OP-1000012,2024-07,84818099,ITALIA,VALVULA DE CONTROLE PNEUMATICA MODELO VCP-40 DN 50 CORPO EM ACO INOX AISI 316 PRESSAO 150 LBS APLICACAO INDUSTRIAL LOTE 422/22 EMBALAGEM PADRAO PALETIZADA,15.181,312.83
OP-1000272,2024-05,31021010,FRANCA,UREIA AGRICOLA FERTILIZANTE GRANULADA COM TEOR MINIMO DE 46% DE NITROGENIO TOTAL EMBALAGEM BIG BAG DE 1000 KG EMBALAGEM PADRAO PALETIZADA,63527.577,27601.96
OP-1000021,2023-10,84818099,ARGENTINA,VALVULA DE CONTROLE PNEUMATICA MODELO VCP-40 DN 50 CORPO EM ACO INOX AISI 316 PRESSAO 150 LBS APLICACAO INDUSTRIAL,17.943,270.43
OP-1000337,2023-01,09011110,ARGENTINA,CAFE CRU EM GRAO NAO DESCAFEINADO TIPO ARABICA SAFRA RECENTE SACAS DE JUTA DE 60 KG LOTE 701/22 EMBALAGEM PADRAO PALETIZADA,23757.495,42010.19
OP-1000391,2024-09,87083090,FRANCA,PASTILHA DE FREIO A DISCO DIANTEIRO ISENTA DE AMIANTO COMPATIVEL COM PICK-UP REF FP-882 JOGO C/ 4 PECAS LOTE 466/21 EMBALAGEM PADRAO PALETIZADA,3.917,21.97
OP-1000349,2023-03,18063210,ALEMANHA,CHOCOLATE EM TABLETES CONTENDO CACAU RECHEADO EM EMBALAGENS DE 100G PARA CONSUMO DIRETO,348.534,1809.57
OP-1000247,2023-10,39233090,INDIA,FRASCOS DE POLIETILENO TEREFTALATO (PET) CAPACIDADE 500 ML CRISTAL TRANSPARENTE COM GARGALO 28MM PCO 1881 LOTE 356/22 EMBALAGEM PADRAO PALETIZADA,2073.854,4519.92
OP-1000460,2024-06,29221989,FRANCA,"ITEM IMPORTADO CONFORME ESPECIFICACAO COMERCIAL DO FORNECEDOR RELATIVO A OUTROS AMINOÁLCOOIS, EXCETO OS QUE CONTENHAM MAIS DE UM TIPO DE FUNÇÃO OXIGENADA, SEUS ÉTERES E SEUS ÉSTERES; SAIS DESTES PRODUTOS",31.429,2833.77
OP-1000001,2023-08,84818099,ITALIA,VALVULA DE CONTROLE PNEUMATICA MODELO VCP-40 DN 50 CORPO EM ACO INOX AISI 316 PRESSAO 150 LBS APLICACAO INDUSTRIAL,11.926,441.7
OP-1000008,2023-08,84818099,ESTADOS UNIDOS,VALVULA DE CONTROLE PNEUMATICA MODELO VCP-40 DN 50 CORPO EM ACO INOX AISI 316 PRESSAO 150 LBS APLICACAO INDUSTRIAL LOTE 489/23,13.785,318.71
OP-1000178,2023-05,30049099,ALEMANHA,MEDICAMENTO PARA USO HUMANO A BASE DE CLORIDRATO DE ONDANSETRONA 8MG COMPRIMIDOS CX C/ 30 UNIDADES LOTE 510/21,0.137,12.89
OP-1000443,2024-06,56031240,ARGENTINA,"ITEM IMPORTADO CONFORME ESPECIFICACAO COMERCIAL DO FORNECEDOR RELATIVO A FALSOS TECIDOS DE POLIPROPILENO, DE PESO SUPERIOR A 25 G/M2, MAS NÃO SUPERIOR A 70 G/M2",482.353,2115.98
OP-1000498,2024-11,30049073,CHINA,"ITEM IMPORTADO CONFORME ESPECIFICACAO COMERCIAL DO FORNECEDOR RELATIVO A MEDICAMENTO CONTENDO KETAZOLAM/SULPIRIDA, ETC, EM DOSES",216.23,6553.67
OP-1000081,2023-01,84137090,FRANCA,BOMBA CENTRIFUGA MULTIESTAGIO VERTICAL POTENCIA 7.5 HP 220/380V VAZAO 12 M3/H PRESSAO 8.5 BAR ROTOR INOX LOTE 153/23,55.859,2116.53
OP-1000043,2023-04,84821010,JAPAO,ROLAMENTO DE ESFERAS RADIAL DE UMA CARREIRA REF 6205-2RS DIMENSAO 25X52X15 MM FOLGA C3 PARA MOTOR ELETRICO LOTE 860/22,0.104,8.68
OP-1000063,2024-10,84822010,ALEMANHA,ROLAMENTO DE ROLOS CONICOS SERIE METRICA REF 32210 DIMENSAO 50X90X24.75 MM APLICACAO TRANSMISSAO AUTOMOTIVA EMBALAGEM PADRAO PALETIZADA,0.608,21.32
OP-1000325,2024-12,22042100,ALEMANHA,VINHO FINO TINTO SECO ELABORADO COM UVAS CABERNET SAUVIGNON SAFRA 2022 TEOR ALCOLICO 13.5% VOL GARRAFAS 750ML LOTE 288/21 EMBALAGEM PADRAO PALETIZADA,1355.445,3777.66
OP-1000390,2024-03,87083090,ARGENTINA,PASTILHA DE FREIO A DISCO DIANTEIRO ISENTA DE AMIANTO COMPATIVEL COM PICK-UP REF FP-882 JOGO C/ 4 PECAS LOTE 435/21 EMBALAGEM PADRAO PALETIZADA,3.659,35.52
OP-1000024,2024-03,84818099,ARGENTINA,VALVULA DE RETENCAO DE FLUXO REF VRET-12 EM BRONZE CONEXAO ROSCADA 1/2 POLEGADA NPT LOTE 562/21,1.367,59.44
OP-1000159,2023-07,85365090,MEXICO,INTERRUPTOR SECCIONADOR ROTATIVO TRIPOLAR 63A 690V FIXACAO FRONTAL IP65 COM MANOPLA TRAVAVEL EMBALAGEM PADRAO PALETIZADA,0.373,45.33
OP-1000389,2024-09,87083090,ESTADOS UNIDOS,PASTILHA DE FREIO A DISCO DIANTEIRO ISENTA DE AMIANTO COMPATIVEL COM PICK-UP REF FP-882 JOGO C/ 4 PECAS LOTE 887/21,3.337,28.33
OP-1000306,2024-10,62034200,CHINA,CALCA MASCULINA DE TECIDO PLANO 100% ALGODAO DENIM SARJA 3X1 PESO 12 OZ TAMANHOS DIVERSOS LOTE 884/21,141.332,1610.77
OP-1000059,2024-08,84821010,ARGENTINA,ROLAMENTO DE ESFERAS RADIAL DE UMA CARREIRA REF 6205-2RS DIMENSAO 25X52X15 MM FOLGA C3 PARA MOTOR ELETRICO EMBALAGEM PADRAO PALETIZADA,0.099,7.62
OP-1000493,2023-04,29183020,FRANCA,ITEM IMPORTADO CONFORME ESPECIFICACAO COMERCIAL DO FORNECEDOR RELATIVO A BUTIRILACETATO DE METILA,394.576,5801.65
OP-1000335,2023-02,09011110,INDIA,CAFE CRU EM GRAO NAO DESCAFEINADO TIPO ARABICA SAFRA RECENTE SACAS DE JUTA DE 60 KG EMBALAGEM PADRAO PALETIZADA,29587.614,44877.11
OP-1000332,2023-10,09011110,ITALIA,CAFE CRU EM GRAO NAO DESCAFEINADO TIPO ARABICA SAFRA RECENTE SACAS DE JUTA DE 60 KG LOTE 968/21 EMBALAGEM PADRAO PALETIZADA,23787.043,85951.7
OP-1000297,2023-07,52083200,INDIA,TECIDO DE ALGODAO 100% TINTO EM LONA LIGAMENTO TELA LARGURA 1.60 M GRAMATURA 280 G/M2 DESTINADO A CONFECCAO LOTE 253/22,370.543,3417.98
OP-1000407,2023-12,87089990,CHINA,BARRA ESTABILIZADORA DA SUSPENSAO DIANTEIRA FORJADA EM ACO LIGA DE ALTA RESISTENCIA DIAMETRO 24MM LOTE 235/24 EMBALAGEM PADRAO PALETIZADA,8.692,38.9
OP-1000333,2024-01,09011110,ESTADOS UNIDOS,CAFE CRU EM GRAO NAO DESCAFEINADO TIPO ARABICA SAFRA RECENTE SACAS DE JUTA DE 60 KG EMBALAGEM PADRAO PALETIZADA,29592.739,75364.99
OP-1000406,2024-04,87089990,ITALIA,BARRA ESTABILIZADORA DA SUSPENSAO DIANTEIRA FORJADA EM ACO LIGA DE ALTA RESISTENCIA DIAMETRO 24MM,6.356,38.23
OP-1000127,2023-07,85423919,ARGENTINA,AMPLIFICADOR OPERACIONAL DE BAIXO RUIDO DUPLO TIPO SOIC-8 ALIMENTACAO 5V A 15V LOTE 344/24,0.001,0.97
OP-1000371,2023-04,87082999,FRANCA,PAINEL LATERAL EXTERNO ESTAMPADO EM CHAPA DE ACO GALVANIZADO PARA CARROCERIA DE VEICULO AUTOMOTOR COD PECA 517823 EMBALAGEM PADRAO PALETIZADA,11.592,112.98
OP-1000254,2023-11,38089199,ESTADOS UNIDOS,INSETICIDA AGRICOLA FORMULACAO SUSPENSAO CONCENTRADA A BASE DE TIAMETOXAM 350 G/L GL COM 5 LITROS,8.606,100.96
OP-1000374,2024-11,87082999,ARGENTINA,PAINEL LATERAL EXTERNO ESTAMPADO EM CHAPA DE ACO GALVANIZADO PARA CARROCERIA DE VEICULO AUTOMOTOR COD PECA 517823,12.319,93.43
OP-1000068,2023-08,84822010,INDIA,ROLAMENTO DE ROLOS CONICOS SERIE METRICA REF 32210 DIMENSAO 50X90X24.75 MM APLICACAO TRANSMISSAO AUTOMOTIVA LOTE 224/24,0.953,21.18
OP-1000194,2024-04,30022029,ESTADOS UNIDOS,VACINA PARA USO VETERINARIO INATIVADA CONTRA CLOSTRIDIOSE EM FRASCO AMPOLA CONTENDO 50 DOSES 100ML LOTE 410/23 EMBALAGEM PADRAO PALETIZADA,0.208,7.82
OP-1000163,2024-12,85365090,ESTADOS UNIDOS,INTERRUPTOR SECCIONADOR ROTATIVO TRIPOLAR 63A 690V FIXACAO FRONTAL IP65 COM MANOPLA TRAVAVEL,0.294,31.57
OP-1000112,2023-01,85423919,JAPAO,AMPLIFICADOR OPERACIONAL DE BAIXO RUIDO DUPLO TIPO SOIC-8 ALIMENTACAO 5V A 15V EMBALAGEM PADRAO PALETIZADA,0.001,0.87
OP-1000216,2023-04,39012010,ARGENTINA,RESINA POLIETILENO DE ALTA DENSIDADE (PEAD) VIRGEM EM PELETS GRAU SOPRO INDICE FLUIDEZ 0.3 G/10MIN DENSIDADE 0.954 LOTE 765/23 EMBALAGEM PADRAO PALETIZADA,19744.15,29401.81
OP-1000467,2024-07,25222000,ITALIA,ITEM IMPORTADO CONFORME ESPECIFICACAO COMERCIAL DO FORNECEDOR RELATIVO A CAL APAGADA,487.016,1046.34
OP-1000184,2023-05,30049099,ITALIA,MEDICAMENTO PARA USO HUMANO A BASE DE CLORIDRATO DE ONDANSETRONA 8MG COMPRIMIDOS CX C/ 30 UNIDADES LOTE 396/23,0.061,11.36
OP-1000019,2024-05,84818099,ALEMANHA,VALVULA DE CONTROLE PNEUMATICA MODELO VCP-40 DN 50 CORPO EM ACO INOX AISI 316 PRESSAO 150 LBS APLICACAO INDUSTRIAL LOTE 991/23 EMBALAGEM PADRAO PALETIZADA,21.629,504.35
OP-1000474,2023-02,40094000,ITALIA,"ITEM IMPORTADO CONFORME ESPECIFICACAO COMERCIAL DO FORNECEDOR RELATIVO A OUTROS TUBOS DE BORRACHA VULCANIZADA NÃO ENDURECIDA, COM OUTRAS MATÉRIAS, SEM ACESSÓRIOS",301.23,248.28
OP-1000482,2024-08,38123021,ARGENTINA,"ITEM IMPORTADO CONFORME ESPECIFICACAO COMERCIAL DO FORNECEDOR RELATIVO A PREPARAÇÕES ANTIOXIDANTES E OUTROS ESTABILIZADORES COMPOSTOS, PARA PLÁSTICOS, QUE CONTENHAM DERIVADOS N-SUBSTITUÍDOS DE P-FENILENODIAMINA",112.395,5910.05
OP-1000031,2023-04,84818099,INDIA,VALVULA DE RETENCAO DE FLUXO REF VRET-12 EM BRONZE CONEXAO ROSCADA 1/2 POLEGADA NPT EMBALAGEM PADRAO PALETIZADA,2.059,50.7
OP-1000119,2024-09,85423919,FRANCA,AMPLIFICADOR OPERACIONAL DE BAIXO RUIDO DUPLO TIPO SOIC-8 ALIMENTACAO 5V A 15V LOTE 152/22,0.001,1.09
OP-1000277,2023-05,31021010,ARGENTINA,UREIA AGRICOLA FERTILIZANTE GRANULADA COM TEOR MINIMO DE 46% DE NITROGENIO TOTAL EMBALAGEM BIG BAG DE 1000 KG,55883.18,35620.57
OP-1000149,2023-12,85044021,INDIA,FONTE DE ALIMENTACAO CHAVEADA AC/DC ENTRADA 100-240V SAIDA 24VDC 10A 240W MODELO HDR-240-24 TRILHO DIN,1.122,66.48
OP-1000232,2023-06,39233090,COREIA DO SUL,FRASCOS DE POLIETILENO TEREFTALATO (PET) CAPACIDADE 500 ML CRISTAL TRANSPARENTE COM GARGALO 28MM PCO 1881 LOTE 459/24,1230.245,5419.34
OP-1000085,2024-01,84137090,COREIA DO SUL,BOMBA CENTRIFUGA MULTIESTAGIO VERTICAL POTENCIA 7.5 HP 220/380V VAZAO 12 M3/H PRESSAO 8.5 BAR ROTOR INOX LOTE 303/21 EMBALAGEM PADRAO PALETIZADA,64.002,2206.64
OP-1000179,2023-07,30049099,INDIA,MEDICAMENTO PARA USO HUMANO A BASE DE CLORIDRATO DE ONDANSETRONA 8MG COMPRIMIDOS CX C/ 30 UNIDADES,0.112,9.55
OP-1000231,2023-10,39012010,INDIA,RESINA POLIETILENO DE ALTA DENSIDADE (PEAD) VIRGEM EM PELETS GRAU SOPRO INDICE FLUIDEZ 0.3 G/10MIN DENSIDADE 0.954,34067.466,45280.94
OP-1000370,2024-07,87082999,ESTADOS UNIDOS,PAINEL LATERAL EXTERNO ESTAMPADO EM CHAPA DE ACO GALVANIZADO PARA CARROCERIA DE VEICULO AUTOMOTOR COD PECA 517823 EMBALAGEM PADRAO PALETIZADA,19.553,158.12
OP-1000270,2023-07,31021010,ESTADOS UNIDOS,UREIA AGRICOLA FERTILIZANTE GRANULADA COM TEOR MINIMO DE 46% DE NITROGENIO TOTAL EMBALAGEM BIG BAG DE 1000 KG,36736.378,35009.42
OP-1000162,2023-11,85365090,MEXICO,INTERRUPTOR SECCIONADOR ROTATIVO TRIPOLAR 63A 690V FIXACAO FRONTAL IP65 COM MANOPLA TRAVAVEL,0.383,40.47
OP-1000447,2024-01,15051000,INDIA,ITEM IMPORTADO CONFORME ESPECIFICACAO COMERCIAL DO FORNECEDOR RELATIVO A SUARDA EM BRUTO,25.426,3023.47
OP-1000395,2023-06,87089990,JAPAO,BARRA ESTABILIZADORA DA SUSPENSAO DIANTEIRA FORJADA EM ACO LIGA DE ALTA RESISTENCIA DIAMETRO 24MM LOTE 997/23,9.036,41.38
OP-1000181,2024-03,30049099,JAPAO,MEDICAMENTO PARA USO HUMANO A BASE DE CLORIDRATO DE ONDANSETRONA 8MG COMPRIMIDOS CX C/ 30 UNIDADES LOTE 597/24,0.11,16.27
OP-1000237,2023-11,39233090,COREIA DO SUL,FRASCOS DE POLIETILENO TEREFTALATO (PET) CAPACIDADE 500 ML CRISTAL TRANSPARENTE COM GARGALO 28MM PCO 1881 LOTE 355/21,1597.577,5760.2
OP-1000171,2023-03,30049099,FRANCA,MEDICAMENTO PARA USO HUMANO A BASE DE CLORIDRATO DE ONDANSETRONA 8MG COMPRIMIDOS CX C/ 30 UNIDADES,0.078,19.19
OP-1000033,2024-01,84818099,CHINA,VALVULA DE RETENCAO DE FLUXO REF VRET-12 EM BRONZE CONEXAO ROSCADA 1/2 POLEGADA NPT EMBALAGEM PADRAO PALETIZADA,2.031,40.05
OP-1000413,2023-10,87089990,CHINA,BARRA ESTABILIZADORA DA SUSPENSAO DIANTEIRA FORJADA EM ACO LIGA DE ALTA RESISTENCIA DIAMETRO 24MM LOTE 773/22,5.131,60.98
OP-1000025,2023-08,84818099,INDIA,VALVULA DE RETENCAO DE FLUXO REF VRET-12 EM BRONZE CONEXAO ROSCADA 1/2 POLEGADA NPT LOTE 107/21 EMBALAGEM PADRAO PALETIZADA,0.925,34.55
OP-1000172,2023-05,30049099,ARGENTINA,MEDICAMENTO PARA USO HUMANO A BASE DE CLORIDRATO DE ONDANSETRONA 8MG COMPRIMIDOS CX C/ 30 UNIDADES LOTE 700/23 EMBALAGEM PADRAO PALETIZADA,0.094,17.01
OP-1000408,2024-04,87089990,ALEMANHA,BARRA ESTABILIZADORA DA SUSPENSAO DIANTEIRA FORJADA EM ACO LIGA DE ALTA RESISTENCIA DIAMETRO 24MM LOTE 888/21,8.216,50.91
OP-1000143,2024-09,85044021,ITALIA,FONTE DE ALIMENTACAO CHAVEADA AC/DC ENTRADA 100-240V SAIDA 24VDC 10A 240W MODELO HDR-240-24 TRILHO DIN,0.715,60.13
OP-1000432,2023-01,38123013,ARGENTINA,"ITEM IMPORTADO CONFORME ESPECIFICACAO COMERCIAL DO FORNECEDOR RELATIVO A PREPARAÇÕES ANTIOXIDANTES E OUTROS ESTABILIZADORES COMPOSTOS, PARA BORRACHA, QUE CONTENHAM 2,2,4-TRIMETIL-1,2-DIIDROQUINOLEÍNA POLIMERIZADA",1.73,6590.17
OP-1000187,2023-10,30049099,COREIA DO SUL,MEDICAMENTO PARA USO HUMANO A BASE DE CLORIDRATO DE ONDANSETRONA 8MG COMPRIMIDOS CX C/ 30 UNIDADES,0.106,16.64
OP-1000130,2024-03,85044021,INDIA,FONTE DE ALIMENTACAO CHAVEADA AC/DC ENTRADA 100-240V SAIDA 24VDC 10A 240W MODELO HDR-240-24 TRILHO DIN,1.246,47.22
OP-1000092,2023-11,85423190,JAPAO,CIRCUITO INTEGRADO MICROCONTROLADOR SMD 32 BITS NUCLEO ARM CORTEX-M4 FLASH 512KB ENCAPSULAMENTO LQFP-64 EMBALAGEM PADRAO PALETIZADA,0.002,3.21
OP-1000441,2023-07,39073011,ALEMANHA,"ITEM IMPORTADO CONFORME ESPECIFICACAO COMERCIAL DO FORNECEDOR RELATIVO A RESINAS EPOXIDAS COM CARGA, EM LÍQUIDOS E PASTAS",390.189,5867.84
OP-1000137,2024-04,85044021,ITALIA,FONTE DE ALIMENTACAO CHAVEADA AC/DC ENTRADA 100-240V SAIDA 24VDC 10A 240W MODELO HDR-240-24 TRILHO DIN LOTE 246/22,1.243,53.62
OP-1000057,2024-02,84821010,ARGENTINA,ROLAMENTO DE ESFERAS RADIAL DE UMA CARREIRA REF 6205-2RS DIMENSAO 25X52X15 MM FOLGA C3 PARA MOTOR ELETRICO LOTE 623/21,0.151,7.94
OP-1000472,2023-12,38249051,MEXICO,ITEM IMPORTADO CONFORME ESPECIFICACAO COMERCIAL DO FORNECEDOR RELATIVO A ANTIESPUMANTES CONTENDO FOSFATO DE TRIBUTILA EM SOLUÇÃO DE ÁLCOOL ISOPROPÍLICO,282.24,5652.93
OP-1000186,2024-03,30049099,CHINA,MEDICAMENTO PARA USO HUMANO A BASE DE CLORIDRATO DE ONDANSETRONA 8MG COMPRIMIDOS CX C/ 30 UNIDADES LOTE 982/23 EMBALAGEM PADRAO PALETIZADA,0.132,9.67
OP-1000416,2023-09,85422194,INDIA,ITEM IMPORTADO CONFORME ESPECIFICACAO COMERCIAL DO FORNECEDOR RELATIVO A OUTROS CO-PROCESSADORES,32.872,7137.62
OP-1000364,2023-12,87082999,ALEMANHA,PAINEL LATERAL EXTERNO ESTAMPADO EM CHAPA DE ACO GALVANIZADO PARA CARROCERIA DE VEICULO AUTOMOTOR COD PECA 517823,10.169,160.23
OP-1000010,2024-03,84818099,ALEMANHA,VALVULA DE CONTROLE PNEUMATICA MODELO VCP-40 DN 50 CORPO EM ACO INOX AISI 316 PRESSAO 150 LBS APLICACAO INDUSTRIAL EMBALAGEM PADRAO PALETIZADA,12.88,438.32
OP-1000100,2023-10,85423190,INDIA,CIRCUITO INTEGRADO MICROCONTROLADOR SMD 32 BITS NUCLEO ARM CORTEX-M4 FLASH 512KB ENCAPSULAMENTO LQFP-64 LOTE 229/24,0.002,5.44
OP-1000365,2023-04,87082999,FRANCA,PAINEL LATERAL EXTERNO ESTAMPADO EM CHAPA DE ACO GALVANIZADO PARA CARROCERIA DE VEICULO AUTOMOTOR COD PECA 517823 LOTE 813/24,11.873,127.65
OP-1000108,2023-03,85423190,FRANCA,CIRCUITO INTEGRADO MICROCONTROLADOR SMD 32 BITS NUCLEO ARM CORTEX-M4 FLASH 512KB ENCAPSULAMENTO LQFP-64 LOTE 370/22,0.003,4.65
OP-1000273,2023-12,31021010,INDIA,UREIA AGRICOLA FERTILIZANTE GRANULADA COM TEOR MINIMO DE 46% DE NITROGENIO TOTAL EMBALAGEM BIG BAG DE 1000 KG LOTE 988/23 EMBALAGEM PADRAO PALETIZADA,60281.494,27071.06
OP-1000360,2024-07,87082999,CHINA,PAINEL LATERAL EXTERNO ESTAMPADO EM CHAPA DE ACO GALVANIZADO PARA CARROCERIA DE VEICULO AUTOMOTOR COD PECA 517823 LOTE 793/24 EMBALAGEM PADRAO PALETIZADA,13.959,142.99
OP-1000287,2023-11,52083200,ESTADOS UNIDOS,TECIDO DE ALGODAO 100% TINTO EM LONA LIGAMENTO TELA LARGURA 1.60 M GRAMATURA 280 G/M2 DESTINADO A CONFECCAO,546.67,2147.64
OP-1000450,2023-05,85395000,ESTADOS UNIDOS,ITEM IMPORTADO CONFORME ESPECIFICACAO COMERCIAL DO FORNECEDOR RELATIVO A LÂMPADAS E TUBOS DE DIODOS EMISSORES DE LUZ (LED),6.967,8312.2
OP-1000369,2024-07,87082999,FRANCA,PAINEL LATERAL EXTERNO ESTAMPADO EM CHAPA DE ACO GALVANIZADO PARA CARROCERIA DE VEICULO AUTOMOTOR COD PECA 517823 LOTE 104/22,19.342,165.07
OP-1000036,2023-02,84818099,ALEMANHA,VALVULA DE RETENCAO DE FLUXO REF VRET-12 EM BRONZE CONEXAO ROSCADA 1/2 POLEGADA NPT LOTE 182/22,1.504,66.37
OP-1000245,2024-10,39233090,FRANCA,FRASCOS DE POLIETILENO TEREFTALATO (PET) CAPACIDADE 500 ML CRISTAL TRANSPARENTE COM GARGALO 28MM PCO 1881 LOTE 231/22 EMBALAGEM PADRAO PALETIZADA,1258.477,3902.59
OP-1000300,2024-07,62034200,ITALIA,CALCA MASCULINA DE TECIDO PLANO 100% ALGODAO DENIM SARJA 3X1 PESO 12 OZ TAMANHOS DIVERSOS,96.521,1660.58
OP-1000208,2024-01,30042099,MEXICO,ANTIBIOTICO CEFTIOFUR SODICO ESTERIL PO PARA SUSPENSAO INJETAVEL USO VETERINARIO FRASCO 4G,0.1,18.11
OP-1000436,2024-02,48024000,ARGENTINA,ITEM IMPORTADO CONFORME ESPECIFICACAO COMERCIAL DO FORNECEDOR RELATIVO A PAPEL PARA FABRICAÇÃO DE PAPÉIS DE PAREDE,229.771,7491.6
OP-1000455,2023-11,85437036,ESTADOS UNIDOS,"ITEM IMPORTADO CONFORME ESPECIFICACAO COMERCIAL DO FORNECEDOR RELATIVO A ROTEADOR-COMUTADOR (ROUTING SWITCHER) DE MAIS DE 20 ENTRADAS E MAIS DE 16 SAÍDAS, DE ÁUDIO OU DE VÍDEO",22.305,4636.9
OP-1000262,2024-10,38089199,MEXICO,INSETICIDA AGRICOLA FORMULACAO SUSPENSAO CONCENTRADA A BASE DE TIAMETOXAM 350 G/L GL COM 5 LITROS LOTE 231/21,7.307,123.38
OP-1000399,2024-04,87089990,ALEMANHA,BARRA ESTABILIZADORA DA SUSPENSAO DIANTEIRA FORJADA EM ACO LIGA DE ALTA RESISTENCIA DIAMETRO 24MM,11.079,53.23
OP-1000304,2023-01,62034200,ITALIA,CALCA MASCULINA DE TECIDO PLANO 100% ALGODAO DENIM SARJA 3X1 PESO 12 OZ TAMANHOS DIVERSOS LOTE 405/24 EMBALAGEM PADRAO PALETIZADA,109.734,1379.44
OP-1000039,2024-10,84818099,ALEMANHA,VALVULA DE RETENCAO DE FLUXO REF VRET-12 EM BRONZE CONEXAO ROSCADA 1/2 POLEGADA NPT LOTE 568/23 EMBALAGEM PADRAO PALETIZADA,1.255,43.91
OP-1000049,2023-07,84821010,ARGENTINA,ROLAMENTO DE ESFERAS RADIAL DE UMA CARREIRA REF 6205-2RS DIMENSAO 25X52X15 MM FOLGA C3 PARA MOTOR ELETRICO LOTE 782/21,0.226,4.55
OP-1000201,2024-10,30022029,ARGENTINA,VACINA PARA USO VETERINARIO INATIVADA CONTRA CLOSTRIDIOSE EM FRASCO AMPOLA CONTENDO 50 DOSES 100ML LOTE 908/23,0.152,9.77
OP-1000367,2024-05,87082999,ITALIA,PAINEL LATERAL EXTERNO ESTAMPADO EM CHAPA DE ACO GALVANIZADO PARA CARROCERIA DE VEICULO AUTOMOTOR COD PECA 517823,11.274,174.49
OP-1000397,2024-11,87089990,ESTADOS UNIDOS,BARRA ESTABILIZADORA DA SUSPENSAO DIANTEIRA FORJADA EM ACO LIGA DE ALTA RESISTENCIA DIAMETRO 24MM,9.11,45.55
OP-1000168,2024-02,30049099,MEXICO,MEDICAMENTO PARA USO HUMANO A BASE DE CLORIDRATO DE ONDANSETRONA 8MG COMPRIMIDOS CX C/ 30 UNIDADES EMBALAGEM PADRAO PALETIZADA,0.103,13.97
OP-1000067,2024-02,84822010,ESTADOS UNIDOS,ROLAMENTO DE ROLOS CONICOS SERIE METRICA REF 32210 DIMENSAO 50X90X24.75 MM APLICACAO TRANSMISSAO AUTOMOTIVA EMBALAGEM PADRAO PALETIZADA,0.947,27.91
OP-1000195,2024-03,30022029,FRANCA,VACINA PARA USO VETERINARIO INATIVADA CONTRA CLOSTRIDIOSE EM FRASCO AMPOLA CONTENDO 50 DOSES 100ML,0.163,7.24
OP-1000428,2023-07,29161430,JAPAO,ITEM IMPORTADO CONFORME ESPECIFICACAO COMERCIAL DO FORNECEDOR RELATIVO A ÉSTERES DE N-BUTILA DO ÁCIDO METACRÍLICO,282.34,3073.9
OP-1000381,2024-06,87083090,ARGENTINA,PASTILHA DE FREIO A DISCO DIANTEIRO ISENTA DE AMIANTO COMPATIVEL COM PICK-UP REF FP-882 JOGO C/ 4 PECAS LOTE 142/24 EMBALAGEM PADRAO PALETIZADA,3.726,38.42
OP-1000478,2023-04,72061000,INDIA,"ITEM IMPORTADO CONFORME ESPECIFICACAO COMERCIAL DO FORNECEDOR RELATIVO A FERRO E AÇOS, EM LINGOTES",430.474,9607.56
OP-1000087,2024-09,84137090,INDIA,BOMBA CENTRIFUGA MULTIESTAGIO VERTICAL POTENCIA 7.5 HP 220/380V VAZAO 12 M3/H PRESSAO 8.5 BAR ROTOR INOX EMBALAGEM PADRAO PALETIZADA,56.218,1544.23
OP-1000286,2024-09,52083200,FRANCA,TECIDO DE ALGODAO 100% TINTO EM LONA LIGAMENTO TELA LARGURA 1.60 M GRAMATURA 280 G/M2 DESTINADO A CONFECCAO LOTE 605/22 EMBALAGEM PADRAO PALETIZADA,774.585,2431.75
OP-1000274,2023-10,31021010,INDIA,UREIA AGRICOLA FERTILIZANTE GRANULADA COM TEOR MINIMO DE 46% DE NITROGENIO TOTAL EMBALAGEM BIG BAG DE 1000 KG EMBALAGEM PADRAO PALETIZADA,45574.529,21589.68
OP-1000487,2023-05,85251031,ARGENTINA,"ITEM IMPORTADO CONFORME ESPECIFICACAO COMERCIAL DO FORNECEDOR RELATIVO A APARELHOS TRANSMISSORES DE TELEVISÃO, FREQUÊNCIA > 7GHZ",372.926,2418.06
OP-1000176,2024-08,30049099,INDIA,MEDICAMENTO PARA USO HUMANO A BASE DE CLORIDRATO DE ONDANSETRONA 8MG COMPRIMIDOS CX C/ 30 UNIDADES LOTE 758/21 EMBALAGEM PADRAO PALETIZADA,0.076,13.71
OP-1000361,2023-01,87082999,ESTADOS UNIDOS,PAINEL LATERAL EXTERNO ESTAMPADO EM CHAPA DE ACO GALVANIZADO PARA CARROCERIA DE VEICULO AUTOMOTOR COD PECA 517823,13.629,156.95
OP-1000073,2024-01,84822010,ITALIA,ROLAMENTO DE ROLOS CONICOS SERIE METRICA REF 32210 DIMENSAO 50X90X24.75 MM APLICACAO TRANSMISSAO AUTOMOTIVA LOTE 823/22,0.841,16.05
OP-1000233,2023-09,39233090,COREIA DO SUL,FRASCOS DE POLIETILENO TEREFTALATO (PET) CAPACIDADE 500 ML CRISTAL TRANSPARENTE COM GARGALO 28MM PCO 1881 LOTE 910/21,1988.449,5038.44
OP-1000497,2024-06,39073021,ESTADOS UNIDOS,ITEM IMPORTADO CONFORME ESPECIFICACAO COMERCIAL DO FORNECEDOR RELATIVO A COPOLÍMERO DE TETRABROMOBISFENOL A E EPICLORIDRINA (RESINA EPÓXIDA BROMADA),169.637,9853.5
OP-1000240,2023-03,39233090,FRANCA,FRASCOS DE POLIETILENO TEREFTALATO (PET) CAPACIDADE 500 ML CRISTAL TRANSPARENTE COM GARGALO 28MM PCO 1881 LOTE 965/23 EMBALAGEM PADRAO PALETIZADA,1965.731,5444.33
OP-1000479,2024-11,29181800,COREIA DO SUL,ITEM IMPORTADO CONFORME ESPECIFICACAO COMERCIAL DO FORNECEDOR RELATIVO A CLOROBENZILATO,293.422,3398.78
OP-1000449,2024-12,72101100,INDIA,"ITEM IMPORTADO CONFORME ESPECIFICACAO COMERCIAL DO FORNECEDOR RELATIVO A PRODUTOS LAMINADOS PLANOS, DE FERRO OU AÇO NÃO LIGADO, DE LARGURA IGUAL OU SUPERIOR A 600 MM, FOLHEADOS OU CHAPEADOS, OU REVESTIDOS, ESTANHADOS, DE ESPESSURA IGUAL OU SUPERIOR A 0,5 MM",125.676,4647.33
OP-1000331,2023-03,09011110,COREIA DO SUL,CAFE CRU EM GRAO NAO DESCAFEINADO TIPO ARABICA SAFRA RECENTE SACAS DE JUTA DE 60 KG,28741.245,52770.21
OP-1000131,2024-04,85044021,ESTADOS UNIDOS,FONTE DE ALIMENTACAO CHAVEADA AC/DC ENTRADA 100-240V SAIDA 24VDC 10A 240W MODELO HDR-240-24 TRILHO DIN LOTE 371/23 EMBALAGEM PADRAO PALETIZADA,1.244,66.13
OP-1000485,2024-07,29313994,CHINA,"ITEM IMPORTADO CONFORME ESPECIFICACAO COMERCIAL DO FORNECEDOR RELATIVO A DIFLUORETO DE ALQUILFOSFONILA, COM GRUPO ALQUILA DE C1 A C3",91.859,3216.26
OP-1000027,2024-12,84818099,ALEMANHA,VALVULA DE RETENCAO DE FLUXO REF VRET-12 EM BRONZE CONEXAO ROSCADA 1/2 POLEGADA NPT LOTE 684/24,1.723,41.94
OP-1000470,2023-12,29310054,ALEMANHA,ITEM IMPORTADO CONFORME ESPECIFICACAO COMERCIAL DO FORNECEDOR RELATIVO A TRIS(2-CLOROVINIL)ARSINA,88.874,5945.57
OP-1000491,2023-02,02021000,COREIA DO SUL,"ITEM IMPORTADO CONFORME ESPECIFICACAO COMERCIAL DO FORNECEDOR RELATIVO A CARCAÇAS E MEIAS-CARCAÇAS DE BOVINO, CONGELADAS",219.672,4225.55
OP-1000298,2024-11,52083200,ITALIA,TECIDO DE ALGODAO 100% TINTO EM LONA LIGAMENTO TELA LARGURA 1.60 M GRAMATURA 280 G/M2 DESTINADO A CONFECCAO LOTE 193/24 EMBALAGEM PADRAO PALETIZADA,572.569,1994.69
OP-1000427,2023-10,84436020,ARGENTINA,"ITEM IMPORTADO CONFORME ESPECIFICACAO COMERCIAL DO FORNECEDOR RELATIVO A MÁQUINAS AUXILIARES DE IMPRESSÃO, NUMERADORES AUTOMÁTICOS",44.106,4594.62
OP-1000134,2024-09,85044021,ESTADOS UNIDOS,FONTE DE ALIMENTACAO CHAVEADA AC/DC ENTRADA 100-240V SAIDA 24VDC 10A 240W MODELO HDR-240-24 TRILHO DIN LOTE 202/24,1.141,46.99
OP-1000255,2023-10,38089199,CHINA,INSETICIDA AGRICOLA FORMULACAO SUSPENSAO CONCENTRADA A BASE DE TIAMETOXAM 350 G/L GL COM 5 LITROS LOTE 984/24,6.69,73.93
OP-1000437,2023-04,29339049,INDIA,"ITEM IMPORTADO CONFORME ESPECIFICACAO COMERCIAL DO FORNECEDOR RELATIVO A OUTROS COMPOSTOS HETEROCÍCLICOS, COM 1 CICLO PIRROL",67.623,8208.63
OP-1000120,2023-04,85423919,FRANCA,AMPLIFICADOR OPERACIONAL DE BAIXO RUIDO DUPLO TIPO SOIC-8 ALIMENTACAO 5V A 15V EMBALAGEM PADRAO PALETIZADA,0.001,0.85
OP-1000056,2024-07,84821010,ALEMANHA,ROLAMENTO DE ESFERAS RADIAL DE UMA CARREIRA REF 6205-2RS DIMENSAO 25X52X15 MM FOLGA C3 PARA MOTOR ELETRICO LOTE 371/21,0.106,9.13
OP-1000462,2024-09,94033000,INDIA,"ITEM IMPORTADO CONFORME ESPECIFICACAO COMERCIAL DO FORNECEDOR RELATIVO A MÓVEIS DE MADEIRA, DO TIPO UTILIZADO EM ESCRITÓRIOS",397.628,9894.57
OP-1000118,2024-10,85423919,CHINA,AMPLIFICADOR OPERACIONAL DE BAIXO RUIDO DUPLO TIPO SOIC-8 ALIMENTACAO 5V A 15V LOTE 573/24,0.001,1.01
OP-1000090,2023-08,84137090,ARGENTINA,BOMBA CENTRIFUGA MULTIESTAGIO VERTICAL POTENCIA 7.5 HP 220/380V VAZAO 12 M3/H PRESSAO 8.5 BAR ROTOR INOX LOTE 188/23 EMBALAGEM PADRAO PALETIZADA,77.199,1817.72
OP-1000484,2024-12,84211190,CHINA,ITEM IMPORTADO CONFORME ESPECIFICACAO COMERCIAL DO FORNECEDOR RELATIVO A OUTRAS DESNATADEIRAS CENTRÍFUGAS,474.445,9489.55
OP-1000309,2023-11,62034200,MEXICO,CALCA MASCULINA DE TECIDO PLANO 100% ALGODAO DENIM SARJA 3X1 PESO 12 OZ TAMANHOS DIVERSOS LOTE 891/23,152.391,1091.39
OP-1000307,2024-08,62034200,FRANCA,CALCA MASCULINA DE TECIDO PLANO 100% ALGODAO DENIM SARJA 3X1 PESO 12 OZ TAMANHOS DIVERSOS LOTE 993/21,65.792,1443.08
OP-1000071,2023-08,84822010,JAPAO,ROLAMENTO DE ROLOS CONICOS SERIE METRICA REF 32210 DIMENSAO 50X90X24.75 MM APLICACAO TRANSMISSAO AUTOMOTIVA LOTE 383/24 EMBALAGEM PADRAO PALETIZADA,0.987,21.34
OP-1000314,2023-02,62034200,FRANCA,CALCA MASCULINA DE TECIDO PLANO 100% ALGODAO DENIM SARJA 3X1 PESO 12 OZ TAMANHOS DIVERSOS LOTE 526/22,139.68,1003.6
OP-1000182,2024-02,30049099,ARGENTINA,MEDICAMENTO PARA USO HUMANO A BASE DE CLORIDRATO DE ONDANSETRONA 8MG COMPRIMIDOS CX C/ 30 UNIDADES EMBALAGEM PADRAO PALETIZADA,0.075,14.58
OP-1000183,2023-02,30049099,JAPAO,MEDICAMENTO PARA USO HUMANO A BASE DE CLORIDRATO DE ONDANSETRONA 8MG COMPRIMIDOS CX C/ 30 UNIDADES EMBALAGEM PADRAO PALETIZADA,0.108,14.73
OP-1000488,2023-06,08109000,ESTADOS UNIDOS,ITEM IMPORTADO CONFORME ESPECIFICACAO COMERCIAL DO FORNECEDOR RELATIVO A OUTRAS FRUTAS FRESCAS,411.009,6716.74
OP-1000296,2024-03,52083200,INDIA,TECIDO DE ALGODAO 100% TINTO EM LONA LIGAMENTO TELA LARGURA 1.60 M GRAMATURA 280 G/M2 DESTINADO A CONFECCAO LOTE 470/21 EMBALAGEM PADRAO PALETIZADA,609.928,3335.27
OP-1000323,2023-07,22042100,ALEMANHA,VINHO FINO TINTO SECO ELABORADO COM UVAS CABERNET SAUVIGNON SAFRA 2022 TEOR ALCOLICO 13.5% VOL GARRAFAS 750ML,1203.351,3977.79
OP-1000392,2024-04,87083090,ITALIA,PASTILHA DE FREIO A DISCO DIANTEIRO ISENTA DE AMIANTO COMPATIVEL COM PICK-UP REF FP-882 JOGO C/ 4 PECAS EMBALAGEM PADRAO PALETIZADA,2.73,41.68
OP-1000363,2023-01,87082999,ARGENTINA,PAINEL LATERAL EXTERNO ESTAMPADO EM CHAPA DE ACO GALVANIZADO PARA CARROCERIA DE VEICULO AUTOMOTOR COD PECA 517823 LOTE 402/24 EMBALAGEM PADRAO PALETIZADA,17.247,129.29
OP-1000328,2023-01,22042100,FRANCA,VINHO FINO TINTO SECO ELABORADO COM UVAS CABERNET SAUVIGNON SAFRA 2022 TEOR ALCOLICO 13.5% VOL GARRAFAS 750ML EMBALAGEM PADRAO PALETIZADA,1554.565,5493.02
OP-1000334,2023-03,09011110,ALEMANHA,CAFE CRU EM GRAO NAO DESCAFEINADO TIPO ARABICA SAFRA RECENTE SACAS DE JUTA DE 60 KG LOTE 544/23 EMBALAGEM PADRAO PALETIZADA,13711.076,40933.76
OP-1000316,2023-03,62034200,CHINA,CALCA MASCULINA DE TECIDO PLANO 100% ALGODAO DENIM SARJA 3X1 PESO 12 OZ TAMANHOS DIVERSOS EMBALAGEM PADRAO PALETIZADA,94.765,1453.86
OP-1000378,2023-06,87082999,FRANCA,PAINEL LATERAL EXTERNO ESTAMPADO EM CHAPA DE ACO GALVANIZADO PARA CARROCERIA DE VEICULO AUTOMOTOR COD PECA 517823,14.812,161.03
OP-1000166,2024-04,85365090,ESTADOS UNIDOS,INTERRUPTOR SECCIONADOR ROTATIVO TRIPOLAR 63A 690V FIXACAO FRONTAL IP65 COM MANOPLA TRAVAVEL LOTE 554/21 EMBALAGEM PADRAO PALETIZADA,0.571,31.7
OP-1000435,2024-11,72139910,JAPAO,"ITEM IMPORTADO CONFORME ESPECIFICACAO COMERCIAL DO FORNECEDOR RELATIVO A OUTROS FIOS-MÁQUINA DE FERRO OU AÇO NÃO LIGADO, COM UM TEOR DE CARBONO SUPERIOR OU IGUAL A 0,6 %, EM PESO",47.42,9216.68
OP-1000376,2024-03,87082999,ARGENTINA,PAINEL LATERAL EXTERNO ESTAMPADO EM CHAPA DE ACO GALVANIZADO PARA CARROCERIA DE VEICULO AUTOMOTOR COD PECA 517823 LOTE 986/23 EMBALAGEM PADRAO PALETIZADA,15.854,95.62
OP-1000330,2023-08,09011110,ALEMANHA,CAFE CRU EM GRAO NAO DESCAFEINADO TIPO ARABICA SAFRA RECENTE SACAS DE JUTA DE 60 KG EMBALAGEM PADRAO PALETIZADA,14718.925,44920.81
OP-1000003,2023-07,84818099,INDIA,VALVULA DE CONTROLE PNEUMATICA MODELO VCP-40 DN 50 CORPO EM ACO INOX AISI 316 PRESSAO 150 LBS APLICACAO INDUSTRIAL LOTE 818/24,13.861,403.75
OP-1000175,2023-12,30049099,INDIA,MEDICAMENTO PARA USO HUMANO A BASE DE CLORIDRATO DE ONDANSETRONA 8MG COMPRIMIDOS CX C/ 30 UNIDADES,0.131,12.89
OP-1000464,2024-07,51012900,INDIA,"ITEM IMPORTADO CONFORME ESPECIFICACAO COMERCIAL DO FORNECEDOR RELATIVO A OUTRAS LÃS DESENGORDURADAS NÃO CARBONIZADAS, NÃO CARDADAS,  NÃO PENTEADAS",161.481,2740.84
OP-1000200,2024-08,30022029,INDIA,VACINA PARA USO VETERINARIO INATIVADA CONTRA CLOSTRIDIOSE EM FRASCO AMPOLA CONTENDO 50 DOSES 100ML,0.177,10.0
OP-1000222,2024-05,39012010,INDIA,RESINA POLIETILENO DE ALTA DENSIDADE (PEAD) VIRGEM EM PELETS GRAU SOPRO INDICE FLUIDEZ 0.3 G/10MIN DENSIDADE 0.954 LOTE 619/21,27416.603,48762.29
OP-1000006,2024-06,84818099,FRANCA,VALVULA DE CONTROLE PNEUMATICA MODELO VCP-40 DN 50 CORPO EM ACO INOX AISI 316 PRESSAO 150 LBS APLICACAO INDUSTRIAL EMBALAGEM PADRAO PALETIZADA,19.779,459.54
OP-1000132,2024-10,85044021,ARGENTINA,FONTE DE ALIMENTACAO CHAVEADA AC/DC ENTRADA 100-240V SAIDA 24VDC 10A 240W MODELO HDR-240-24 TRILHO DIN LOTE 489/23 EMBALAGEM PADRAO PALETIZADA,0.853,34.37
OP-1000105,2023-10,85423190,COREIA DO SUL,CIRCUITO INTEGRADO MICROCONTROLADOR SMD 32 BITS NUCLEO ARM CORTEX-M4 FLASH 512KB ENCAPSULAMENTO LQFP-64 LOTE 161/21 EMBALAGEM PADRAO PALETIZADA,0.002,4.31
OP-1000380,2024-05,87083090,INDIA,PASTILHA DE FREIO A DISCO DIANTEIRO ISENTA DE AMIANTO COMPATIVEL COM PICK-UP REF FP-882 JOGO C/ 4 PECAS,3.64,37.13
OP-1000346,2024-02,18063210,INDIA,CHOCOLATE EM TABLETES CONTENDO CACAU RECHEADO EM EMBALAGENS DE 100G PARA CONSUMO DIRETO,410.927,2263.36
OP-1000053,2023-08,84821010,FRANCA,ROLAMENTO DE ESFERAS RADIAL DE UMA CARREIRA REF 6205-2RS DIMENSAO 25X52X15 MM FOLGA C3 PARA MOTOR ELETRICO EMBALAGEM PADRAO PALETIZADA,0.143,4.54
OP-1000174,2023-07,30049099,INDIA,MEDICAMENTO PARA USO HUMANO A BASE DE CLORIDRATO DE ONDANSETRONA 8MG COMPRIMIDOS CX C/ 30 UNIDADES,0.083,10.31
OP-1000442,2023-04,76061190,ALEMANHA,"ITEM IMPORTADO CONFORME ESPECIFICACAO COMERCIAL DO FORNECEDOR RELATIVO A OUTRAS CHAPAS/TIRAS DE ALUMÍNIO NÃO LIGADO, ESPESSURA > 0.2. MM, QUADRADA/RETANGULAR",225.334,3174.63
OP-1000114,2023-09,85423919,FRANCA,AMPLIFICADOR OPERACIONAL DE BAIXO RUIDO DUPLO TIPO SOIC-8 ALIMENTACAO 5V A 15V EMBALAGEM PADRAO PALETIZADA,0.001,1.01
OP-1000110,2023-10,85423919,MEXICO,AMPLIFICADOR OPERACIONAL DE BAIXO RUIDO DUPLO TIPO SOIC-8 ALIMENTACAO 5V A 15V LOTE 579/23 EMBALAGEM PADRAO PALETIZADA,0.001,1.18
OP-1000266,2024-07,38089199,JAPAO,INSETICIDA AGRICOLA FORMULACAO SUSPENSAO CONCENTRADA A BASE DE TIAMETOXAM 350 G/L GL COM 5 LITROS EMBALAGEM PADRAO PALETIZADA,4.921,135.32
OP-1000423,2024-02,28418010,ITALIA,ITEM IMPORTADO CONFORME ESPECIFICACAO COMERCIAL DO FORNECEDOR RELATIVO A TUNGSTATO (VOLFRAMATO) DE AMÔNIO,161.579,4191.75
OP-1000198,2024-03,30022029,CHINA,VACINA PARA USO VETERINARIO INATIVADA CONTRA CLOSTRIDIOSE EM FRASCO AMPOLA CONTENDO 50 DOSES 100ML EMBALAGEM PADRAO PALETIZADA,0.183,7.82
OP-1000344,2024-12,18063210,ALEMANHA,CHOCOLATE EM TABLETES CONTENDO CACAU RECHEADO EM EMBALAGENS DE 100G PARA CONSUMO DIRETO,348.169,1985.05
OP-1000146,2023-06,85044021,COREIA DO SUL,FONTE DE ALIMENTACAO CHAVEADA AC/DC ENTRADA 100-240V SAIDA 24VDC 10A 240W MODELO HDR-240-24 TRILHO DIN EMBALAGEM PADRAO PALETIZADA,1.275,43.16
OP-1000457,2024-01,26020010,COREIA DO SUL,"ITEM IMPORTADO CONFORME ESPECIFICACAO COMERCIAL DO FORNECEDOR RELATIVO A MINÉRIOS DE MANGANÊS E SEUS CONCENTRADOS, INCLUINDO OS MINÉRIOS DE MANGANÊS FERRUGINOSOS E SEUS CONCENTRADOS, DE TEOR EM MANGANÊS DE 20 % OU MAIS, EM PESO, SOBRE O PRODUTO SECO, AGLOMERADOS",87.231,2186.43
OP-1000382,2023-10,87083090,ITALIA,PASTILHA DE FREIO A DISCO DIANTEIRO ISENTA DE AMIANTO COMPATIVEL COM PICK-UP REF FP-882 JOGO C/ 4 PECAS LOTE 133/24,4.293,22.18
OP-1000084,2023-06,84137090,ESTADOS UNIDOS,BOMBA CENTRIFUGA MULTIESTAGIO VERTICAL POTENCIA 7.5 HP 220/380V VAZAO 12 M3/H PRESSAO 8.5 BAR ROTOR INOX LOTE 210/21 EMBALAGEM PADRAO PALETIZADA,42.459,1835.93
OP-1000398,2024-10,87089990,INDIA,BARRA ESTABILIZADORA DA SUSPENSAO DIANTEIRA FORJADA EM ACO LIGA DE ALTA RESISTENCIA DIAMETRO 24MM LOTE 108/23 EMBALAGEM PADRAO PALETIZADA,4.872,60.22
OP-1000180,2024-07,30049099,ARGENTINA,MEDICAMENTO PARA USO HUMANO A BASE DE CLORIDRATO DE ONDANSETRONA 8MG COMPRIMIDOS CX C/ 30 UNIDADES LOTE 153/22,0.07,12.48
OP-1000434,2024-02,88079000,FRANCA,ITEM IMPORTADO CONFORME ESPECIFICACAO COMERCIAL DO FORNECEDOR RELATIVO A OUTRAS PARTES PARA VEÍCULOS AÉREOS/ESPACIAIS,480.631,9726.96
OP-1000091,2024-10,84137090,MEXICO,BOMBA CENTRIFUGA MULTIESTAGIO VERTICAL POTENCIA 7.5 HP 220/380V VAZAO 12 M3/H PRESSAO 8.5 BAR ROTOR INOX,46.476,1660.25
OP-1000448,2023-06,90104100,CHINA,"ITEM IMPORTADO CONFORME ESPECIFICACAO COMERCIAL DO FORNECEDOR RELATIVO A APARELHOS PARA INSCRIÇÃO EM DISCO (""WAFERS"")",476.096,8553.28
OP-1000461,2024-02,70194000,ITALIA,"ITEM IMPORTADO CONFORME ESPECIFICACAO COMERCIAL DO FORNECEDOR RELATIVO A TECIDOS DE MECHAS LIGEIRAMENTE TORCIDAS (ROVINGS), DE FIBRAS DE VIDRO",321.684,7982.12
OP-1000326,2023-01,22042100,CHINA,VINHO FINO TINTO SECO ELABORADO COM UVAS CABERNET SAUVIGNON SAFRA 2022 TEOR ALCOLICO 13.5% VOL GARRAFAS 750ML LOTE 962/22,1460.678,2927.45
OP-1000124,2024-05,85423919,MEXICO,AMPLIFICADOR OPERACIONAL DE BAIXO RUIDO DUPLO TIPO SOIC-8 ALIMENTACAO 5V A 15V LOTE 239/21,0.001,0.78
OP-1000016,2024-08,84818099,COREIA DO SUL,VALVULA DE CONTROLE PNEUMATICA MODELO VCP-40 DN 50 CORPO EM ACO INOX AISI 316 PRESSAO 150 LBS APLICACAO INDUSTRIAL LOTE 641/23 EMBALAGEM PADRAO PALETIZADA,16.883,257.28
OP-1000064,2024-10,84822010,ITALIA,ROLAMENTO DE ROLOS CONICOS SERIE METRICA REF 32210 DIMENSAO 50X90X24.75 MM APLICACAO TRANSMISSAO AUTOMOTIVA EMBALAGEM PADRAO PALETIZADA,0.908,19.15
OP-1000375,2023-06,87082999,COREIA DO SUL,PAINEL LATERAL EXTERNO ESTAMPADO EM CHAPA DE ACO GALVANIZADO PARA CARROCERIA DE VEICULO AUTOMOTOR COD PECA 517823 LOTE 650/22 EMBALAGEM PADRAO PALETIZADA,17.358,136.24
OP-1000259,2023-10,38089199,FRANCA,INSETICIDA AGRICOLA FORMULACAO SUSPENSAO CONCENTRADA A BASE DE TIAMETOXAM 350 G/L GL COM 5 LITROS LOTE 967/21,6.969,127.5
OP-1000238,2023-04,39233090,INDIA,FRASCOS DE POLIETILENO TEREFTALATO (PET) CAPACIDADE 500 ML CRISTAL TRANSPARENTE COM GARGALO 28MM PCO 1881,1085.583,5712.4
OP-1000189,2023-03,30022029,INDIA,VACINA PARA USO VETERINARIO INATIVADA CONTRA CLOSTRIDIOSE EM FRASCO AMPOLA CONTENDO 50 DOSES 100ML,0.145,11.13
OP-1000141,2023-01,85044021,JAPAO,FONTE DE ALIMENTACAO CHAVEADA AC/DC ENTRADA 100-240V SAIDA 24VDC 10A 240W MODELO HDR-240-24 TRILHO DIN LOTE 774/24,0.999,66.94
OP-1000102,2023-03,85423190,ESTADOS UNIDOS,CIRCUITO INTEGRADO MICROCONTROLADOR SMD 32 BITS NUCLEO ARM CORTEX-M4 FLASH 512KB ENCAPSULAMENTO LQFP-64 LOTE 175/21,0.002,5.11
OP-1000486,2024-08,85437031,ITALIA,"ITEM IMPORTADO CONFORME ESPECIFICACAO COMERCIAL DO FORNECEDOR RELATIVO A GERADORES DE EFEITOS ESPECIAIS COM MANIPULAÇÃO EM 2 OU 3 DIMENSÕES, MESMO COMBINADOS COM DISPOSITIVO DE COMUTAÇÃO, DE MAIS DE 10 ENTRADAS DE ÁUDIO OU DE VÍDEO",320.184,1085.9
OP-1000456,2024-07,84099949,COREIA DO SUL,"ITEM IMPORTADO CONFORME ESPECIFICACAO COMERCIAL DO FORNECEDOR RELATIVO A OUTRAS BIELAS, PARA MOTORES DIESEL/SEMIDIESEL",411.021,3980.24
OP-1000234,2023-01,39233090,ALEMANHA,FRASCOS DE POLIETILENO TEREFTALATO (PET) CAPACIDADE 500 ML CRISTAL TRANSPARENTE COM GARGALO 28MM PCO 1881 EMBALAGEM PADRAO PALETIZADA,1681.517,5082.31
OP-1000017,2024-10,84818099,ESTADOS UNIDOS,VALVULA DE CONTROLE PNEUMATICA MODELO VCP-40 DN 50 CORPO EM ACO INOX AISI 316 PRESSAO 150 LBS APLICACAO INDUSTRIAL LOTE 868/23 EMBALAGEM PADRAO PALETIZADA,23.879,243.12
OP-1000128,2024-11,85423919,FRANCA,AMPLIFICADOR OPERACIONAL DE BAIXO RUIDO DUPLO TIPO SOIC-8 ALIMENTACAO 5V A 15V LOTE 490/24 EMBALAGEM PADRAO PALETIZADA,0.002,0.67
OP-1000030,2023-06,84818099,COREIA DO SUL,VALVULA DE RETENCAO DE FLUXO REF VRET-12 EM BRONZE CONEXAO ROSCADA 1/2 POLEGADA NPT,1.091,50.91
OP-1000476,2023-11,68043000,ALEMANHA,"ITEM IMPORTADO CONFORME ESPECIFICACAO COMERCIAL DO FORNECEDOR RELATIVO A PEDRAS PARA AMOLAR OU PARA POLIR, MANUALMENTE",459.472,8450.63
OP-1000393,2024-04,87083090,MEXICO,PASTILHA DE FREIO A DISCO DIANTEIRO ISENTA DE AMIANTO COMPATIVEL COM PICK-UP REF FP-882 JOGO C/ 4 PECAS LOTE 798/21,2.572,32.89
OP-1000340,2024-05,09011110,ESTADOS UNIDOS,CAFE CRU EM GRAO NAO DESCAFEINADO TIPO ARABICA SAFRA RECENTE SACAS DE JUTA DE 60 KG LOTE 454/21,28251.862,72139.35
OP-1000015,2023-02,84818099,ESTADOS UNIDOS,VALVULA DE CONTROLE PNEUMATICA MODELO VCP-40 DN 50 CORPO EM ACO INOX AISI 316 PRESSAO 150 LBS APLICACAO INDUSTRIAL LOTE 256/22 EMBALAGEM PADRAO PALETIZADA,26.061,378.59
OP-1000292,2024-03,52083200,ESTADOS UNIDOS,TECIDO DE ALGODAO 100% TINTO EM LONA LIGAMENTO TELA LARGURA 1.60 M GRAMATURA 280 G/M2 DESTINADO A CONFECCAO,492.978,2234.51
OP-1000269,2024-01,31021010,MEXICO,UREIA AGRICOLA FERTILIZANTE GRANULADA COM TEOR MINIMO DE 46% DE NITROGENIO TOTAL EMBALAGEM BIG BAG DE 1000 KG EMBALAGEM PADRAO PALETIZADA,67093.78,20136.04
OP-1000070,2024-02,84822010,INDIA,ROLAMENTO DE ROLOS CONICOS SERIE METRICA REF 32210 DIMENSAO 50X90X24.75 MM APLICACAO TRANSMISSAO AUTOMOTIVA LOTE 661/24 EMBALAGEM PADRAO PALETIZADA,0.771,26.69
OP-1000338,2023-10,09011110,ESTADOS UNIDOS,CAFE CRU EM GRAO NAO DESCAFEINADO TIPO ARABICA SAFRA RECENTE SACAS DE JUTA DE 60 KG,26711.686,58781.79
OP-1000260,2023-12,38089199,COREIA DO SUL,INSETICIDA AGRICOLA FORMULACAO SUSPENSAO CONCENTRADA A BASE DE TIAMETOXAM 350 G/L GL COM 5 LITROS,9.356,116.31
OP-1000385,2023-12,87083090,MEXICO,PASTILHA DE FREIO A DISCO DIANTEIRO ISENTA DE AMIANTO COMPATIVEL COM PICK-UP REF FP-882 JOGO C/ 4 PECAS LOTE 711/22,3.828,38.02
OP-1000034,2024-10,84818099,INDIA,VALVULA DE RETENCAO DE FLUXO REF VRET-12 EM BRONZE CONEXAO ROSCADA 1/2 POLEGADA NPT LOTE 258/22,1.441,49.93
OP-1000082,2023-01,84137090,CHINA,BOMBA CENTRIFUGA MULTIESTAGIO VERTICAL POTENCIA 7.5 HP 220/380V VAZAO 12 M3/H PRESSAO 8.5 BAR ROTOR INOX LOTE 304/21 EMBALAGEM PADRAO PALETIZADA,37.223,2267.35
OP-1000264,2024-11,38089199,ALEMANHA,INSETICIDA AGRICOLA FORMULACAO SUSPENSAO CONCENTRADA A BASE DE TIAMETOXAM 350 G/L GL COM 5 LITROS,7.0,67.02
OP-1000029,2023-02,84818099,ESTADOS UNIDOS,VALVULA DE RETENCAO DE FLUXO REF VRET-12 EM BRONZE CONEXAO ROSCADA 1/2 POLEGADA NPT LOTE 447/21,1.98,35.82
OP-1000192,2023-06,30022029,ESTADOS UNIDOS,VACINA PARA USO VETERINARIO INATIVADA CONTRA CLOSTRIDIOSE EM FRASCO AMPOLA CONTENDO 50 DOSES 100ML LOTE 743/24,0.134,7.83
OP-1000404,2024-09,87089990,JAPAO,BARRA ESTABILIZADORA DA SUSPENSAO DIANTEIRA FORJADA EM ACO LIGA DE ALTA RESISTENCIA DIAMETRO 24MM EMBALAGEM PADRAO PALETIZADA,6.485,41.71
OP-1000345,2023-12,18063210,FRANCA,CHOCOLATE EM TABLETES CONTENDO CACAU RECHEADO EM EMBALAGENS DE 100G PARA CONSUMO DIRETO LOTE 204/22,280.235,2870.3
OP-1000209,2024-12,30042099,ALEMANHA,ANTIBIOTICO CEFTIOFUR SODICO ESTERIL PO PARA SUSPENSAO INJETAVEL USO VETERINARIO FRASCO 4G LOTE 520/23 EMBALAGEM PADRAO PALETIZADA,0.088,18.19
OP-1000394,2023-06,87089990,ESTADOS UNIDOS,BARRA ESTABILIZADORA DA SUSPENSAO DIANTEIRA FORJADA EM ACO LIGA DE ALTA RESISTENCIA DIAMETRO 24MM LOTE 100/24,9.686,54.75
OP-1000315,2024-03,62034200,ESTADOS UNIDOS,CALCA MASCULINA DE TECIDO PLANO 100% ALGODAO DENIM SARJA 3X1 PESO 12 OZ TAMANHOS DIVERSOS LOTE 194/22,83.342,1185.33
OP-1000097,2024-11,85423190,INDIA,CIRCUITO INTEGRADO MICROCONTROLADOR SMD 32 BITS NUCLEO ARM CORTEX-M4 FLASH 512KB ENCAPSULAMENTO LQFP-64,0.003,3.51
OP-1000046,2024-12,84821010,ALEMANHA,ROLAMENTO DE ESFERAS RADIAL DE UMA CARREIRA REF 6205-2RS DIMENSAO 25X52X15 MM FOLGA C3 PARA MOTOR ELETRICO LOTE 822/24 EMBALAGEM PADRAO PALETIZADA,0.108,9.18
OP-1000310,2023-08,62034200,INDIA,CALCA MASCULINA DE TECIDO PLANO 100% ALGODAO DENIM SARJA 3X1 PESO 12 OZ TAMANHOS DIVERSOS LOTE 381/21 EMBALAGEM PADRAO PALETIZADA,141.43,1826.02
OP-1000214,2023-05,30042099,INDIA,ANTIBIOTICO CEFTIOFUR SODICO ESTERIL PO PARA SUSPENSAO INJETAVEL USO VETERINARIO FRASCO 4G LOTE 193/22 EMBALAGEM PADRAO PALETIZADA,0.092,13.94
OP-1000471,2024-12,85414031,ARGENTINA,ITEM IMPORTADO CONFORME ESPECIFICACAO COMERCIAL DO FORNECEDOR RELATIVO A FOTODIODOS EM MÓDULOS OU PAINÉIS,457.076,330.66
OP-1000165,2023-10,85365090,INDIA,INTERRUPTOR SECCIONADOR ROTATIVO TRIPOLAR 63A 690V FIXACAO FRONTAL IP65 COM MANOPLA TRAVAVEL LOTE 131/21 EMBALAGEM PADRAO PALETIZADA,0.525,43.39
OP-1000227,2024-01,39012010,INDIA,RESINA POLIETILENO DE ALTA DENSIDADE (PEAD) VIRGEM EM PELETS GRAU SOPRO INDICE FLUIDEZ 0.3 G/10MIN DENSIDADE 0.954 LOTE 656/24,18652.413,48230.17
OP-1000411,2023-05,87089990,ITALIA,BARRA ESTABILIZADORA DA SUSPENSAO DIANTEIRA FORJADA EM ACO LIGA DE ALTA RESISTENCIA DIAMETRO 24MM LOTE 500/21,6.454,56.86
OP-1000069,2024-08,84822010,INDIA,ROLAMENTO DE ROLOS CONICOS SERIE METRICA REF 32210 DIMENSAO 50X90X24.75 MM APLICACAO TRANSMISSAO AUTOMOTIVA EMBALAGEM PADRAO PALETIZADA,0.787,22.23
OP-1000424,2023-11,48171000,JAPAO,"ITEM IMPORTADO CONFORME ESPECIFICACAO COMERCIAL DO FORNECEDOR RELATIVO A ENVELOPES, DE PAPEL OU CARTÃO",413.173,5736.78
OP-1000051,2024-02,84821010,ALEMANHA,ROLAMENTO DE ESFERAS RADIAL DE UMA CARREIRA REF 6205-2RS DIMENSAO 25X52X15 MM FOLGA C3 PARA MOTOR ELETRICO EMBALAGEM PADRAO PALETIZADA,0.211,9.16
OP-1000489,2023-11,56090090,FRANCA,"ITEM IMPORTADO CONFORME ESPECIFICACAO COMERCIAL DO FORNECEDOR RELATIVO A ARTIGOS DE FIOS, LÂMINAS OU FORMAS SEMELHANTES DAS POSIÇÕES 54.04 OU 54.05, CORDÉIS, CORDAS OU CABOS, NÃO ESPECIFICADOS NEM COMPREENDIDOS NOUTRAS POSIÇÕES, DE OUTRAS MATÉRIAS",6.686,2136.36
OP-1000144,2024-09,85044021,ALEMANHA,FONTE DE ALIMENTACAO CHAVEADA AC/DC ENTRADA 100-240V SAIDA 24VDC 10A 240W MODELO HDR-240-24 TRILHO DIN EMBALAGEM PADRAO PALETIZADA,1.148,58.9
OP-1000160,2023-11,85365090,ITALIA,INTERRUPTOR SECCIONADOR ROTATIVO TRIPOLAR 63A 690V FIXACAO FRONTAL IP65 COM MANOPLA TRAVAVEL LOTE 907/21,0.325,26.61
OP-1000156,2023-12,85365090,ITALIA,INTERRUPTOR SECCIONADOR ROTATIVO TRIPOLAR 63A 690V FIXACAO FRONTAL IP65 COM MANOPLA TRAVAVEL EMBALAGEM PADRAO PALETIZADA,0.329,32.15
OP-1000173,2024-12,30049099,COREIA DO SUL,MEDICAMENTO PARA USO HUMANO A BASE DE CLORIDRATO DE ONDANSETRONA 8MG COMPRIMIDOS CX C/ 30 UNIDADES,0.092,18.36
OP-1000011,2023-02,84818099,ARGENTINA,VALVULA DE CONTROLE PNEUMATICA MODELO VCP-40 DN 50 CORPO EM ACO INOX AISI 316 PRESSAO 150 LBS APLICACAO INDUSTRIAL,20.358,391.49
OP-1000191,2023-08,30022029,ALEMANHA,VACINA PARA USO VETERINARIO INATIVADA CONTRA CLOSTRIDIOSE EM FRASCO AMPOLA CONTENDO 50 DOSES 100ML,0.163,12.18
OP-1000440,2024-01,85232921,ARGENTINA,"ITEM IMPORTADO CONFORME ESPECIFICACAO COMERCIAL DO FORNECEDOR RELATIVO A FITAS MAGNÉTICAS, NÃO GRAVADAS, DE LARGURA NÃO SUPERIOR A 4 MM, EM CASSETES",159.711,2755.96
OP-1000412,2023-02,87089990,ITALIA,BARRA ESTABILIZADORA DA SUSPENSAO DIANTEIRA FORJADA EM ACO LIGA DE ALTA RESISTENCIA DIAMETRO 24MM EMBALAGEM PADRAO PALETIZADA,7.324,74.9
OP-1000494,2024-10,74153900,ITALIA,"ITEM IMPORTADO CONFORME ESPECIFICACAO COMERCIAL DO FORNECEDOR RELATIVO A OUTROS ARTEFATOS ROSCADOS, DE COBRE",82.166,783.41
OP-1000496,2023-11,39072020,ALEMANHA,"ITEM IMPORTADO CONFORME ESPECIFICACAO COMERCIAL DO FORNECEDOR RELATIVO A POLITETRAMETILENOETERGLICOL, EM FORMA PRIMÁRIA",444.078,1651.0
OP-1000170,2024-02,30049099,COREIA DO SUL,MEDICAMENTO PARA USO HUMANO A BASE DE CLORIDRATO DE ONDANSETRONA 8MG COMPRIMIDOS CX C/ 30 UNIDADES LOTE 420/24,0.092,17.88
OP-1000409,2023-02,87089990,CHINA,BARRA ESTABILIZADORA DA SUSPENSAO DIANTEIRA FORJADA EM ACO LIGA DE ALTA RESISTENCIA DIAMETRO 24MM LOTE 507/23 EMBALAGEM PADRAO PALETIZADA,4.801,46.7
OP-1000341,2024-08,09011110,MEXICO,CAFE CRU EM GRAO NAO DESCAFEINADO TIPO ARABICA SAFRA RECENTE SACAS DE JUTA DE 60 KG LOTE 506/23,17196.451,43989.24
OP-1000206,2024-04,30042099,ARGENTINA,ANTIBIOTICO CEFTIOFUR SODICO ESTERIL PO PARA SUSPENSAO INJETAVEL USO VETERINARIO FRASCO 4G EMBALAGEM PADRAO PALETIZADA,0.062,22.13
OP-1000490,2023-03,38111900,ARGENTINA,ITEM IMPORTADO CONFORME ESPECIFICACAO COMERCIAL DO FORNECEDOR RELATIVO A OUTRAS PREPARAÇÕES ANTIDETONANTES,129.072,1124.94
OP-1000317,2023-07,62034200,FRANCA,CALCA MASCULINA DE TECIDO PLANO 100% ALGODAO DENIM SARJA 3X1 PESO 12 OZ TAMANHOS DIVERSOS LOTE 440/23 EMBALAGEM PADRAO PALETIZADA,127.223,1408.78
OP-1000074,2023-07,84137090,CHINA,BOMBA CENTRIFUGA MULTIESTAGIO VERTICAL POTENCIA 7.5 HP 220/380V VAZAO 12 M3/H PRESSAO 8.5 BAR ROTOR INOX LOTE 498/21 EMBALAGEM PADRAO PALETIZADA,51.071,1661.75
OP-1000207,2024-05,30042099,ESTADOS UNIDOS,ANTIBIOTICO CEFTIOFUR SODICO ESTERIL PO PARA SUSPENSAO INJETAVEL USO VETERINARIO FRASCO 4G LOTE 955/21 EMBALAGEM PADRAO PALETIZADA,0.052,14.22
OP-1000372,2024-01,87082999,MEXICO,PAINEL LATERAL EXTERNO ESTAMPADO EM CHAPA DE ACO GALVANIZADO PARA CARROCERIA DE VEICULO AUTOMOTOR COD PECA 517823 LOTE 701/21,16.39,142.26
OP-1000396,2023-02,87089990,ALEMANHA,BARRA ESTABILIZADORA DA SUSPENSAO DIANTEIRA FORJADA EM ACO LIGA DE ALTA RESISTENCIA DIAMETRO 24MM,6.798,39.36
OP-1000020,2023-06,84818099,ARGENTINA,VALVULA DE CONTROLE PNEUMATICA MODELO VCP-40 DN 50 CORPO EM ACO INOX AISI 316 PRESSAO 150 LBS APLICACAO INDUSTRIAL LOTE 897/21 EMBALAGEM PADRAO PALETIZADA,18.247,294.1
OP-1000468,2023-08,28419089,JAPAO,ITEM IMPORTADO CONFORME ESPECIFICACAO COMERCIAL DO FORNECEDOR RELATIVO A OUTROS ALUMINATOS,267.311,7922.81
OP-1000312,2024-05,62034200,COREIA DO SUL,CALCA MASCULINA DE TECIDO PLANO 100% ALGODAO DENIM SARJA 3X1 PESO 12 OZ TAMANHOS DIVERSOS,91.703,1491.34
OP-1000403,2024-12,87089990,MEXICO,BARRA ESTABILIZADORA DA SUSPENSAO DIANTEIRA FORJADA EM ACO LIGA DE ALTA RESISTENCIA DIAMETRO 24MM EMBALAGEM PADRAO PALETIZADA,5.025,66.7
OP-1000249,2024-12,39233090,MEXICO,FRASCOS DE POLIETILENO TEREFTALATO (PET) CAPACIDADE 500 ML CRISTAL TRANSPARENTE COM GARGALO 28MM PCO 1881 LOTE 445/21 EMBALAGEM PADRAO PALETIZADA,1606.453,4298.5
OP-1000336,2023-02,09011110,JAPAO,CAFE CRU EM GRAO NAO DESCAFEINADO TIPO ARABICA SAFRA RECENTE SACAS DE JUTA DE 60 KG LOTE 800/23 EMBALAGEM PADRAO PALETIZADA,26307.297,66515.39
OP-1000197,2024-03,30022029,CHINA,VACINA PARA USO VETERINARIO INATIVADA CONTRA CLOSTRIDIOSE EM FRASCO AMPOLA CONTENDO 50 DOSES 100ML LOTE 685/22,0.262,12.26
OP-1000458,2023-09,84323910,JAPAO,"ITEM IMPORTADO CONFORME ESPECIFICACAO COMERCIAL DO FORNECEDOR RELATIVO A SEMEADORES-ADUBADORES, EXCETO PARA PLANTIO DIRETO",223.56,1528.88
OP-1000211,2023-12,30042099,ITALIA,ANTIBIOTICO CEFTIOFUR SODICO ESTERIL PO PARA SUSPENSAO INJETAVEL USO VETERINARIO FRASCO 4G LOTE 684/24,0.095,16.31
OP-1000430,2023-07,84431910,INDIA,"ITEM IMPORTADO CONFORME ESPECIFICACAO COMERCIAL DO FORNECEDOR RELATIVO A MÁQUINAS E APARELHOS DE IMPRESSÃO POR MEIO DE BLOCOS, CILINDROS E OUTROS ELEMENTOS DE IMPRESSÃO, PARA SERIGRAFIA",380.481,2489.01
OP-1000417,2024-09,29336992,ESTADOS UNIDOS,ITEM IMPORTADO CONFORME ESPECIFICACAO COMERCIAL DO FORNECEDOR RELATIVO A METENAMINA (HEXAMETILENOTETRAMINA) E SEUS SAIS,248.578,5132.28
OP-1000147,2023-09,85044021,INDIA,FONTE DE ALIMENTACAO CHAVEADA AC/DC ENTRADA 100-240V SAIDA 24VDC 10A 240W MODELO HDR-240-24 TRILHO DIN LOTE 363/24 EMBALAGEM PADRAO PALETIZADA,1.248,44.56
OP-1000356,2024-02,18063210,ESTADOS UNIDOS,CHOCOLATE EM TABLETES CONTENDO CACAU RECHEADO EM EMBALAGENS DE 100G PARA CONSUMO DIRETO LOTE 242/23,325.715,2641.86
OP-1000439,2023-08,68053010,JAPAO,"ITEM IMPORTADO CONFORME ESPECIFICACAO COMERCIAL DO FORNECEDOR RELATIVO A ABRASIVOS NATURAIS OU ARTIFICIAIS, COM SUPORTE DE PAPEL OU CARTÃO COMBINADOS COM MATÉRIAS TÊXTEIS",131.234,3184.34
OP-1000055,2023-12,84821010,JAPAO,ROLAMENTO DE ESFERAS RADIAL DE UMA CARREIRA REF 6205-2RS DIMENSAO 25X52X15 MM FOLGA C3 PARA MOTOR ELETRICO LOTE 509/23 EMBALAGEM PADRAO PALETIZADA,0.136,8.61
OP-1000052,2023-09,84821010,ITALIA,ROLAMENTO DE ESFERAS RADIAL DE UMA CARREIRA REF 6205-2RS DIMENSAO 25X52X15 MM FOLGA C3 PARA MOTOR ELETRICO EMBALAGEM PADRAO PALETIZADA,0.136,8.94
OP-1000299,2023-02,62034200,MEXICO,CALCA MASCULINA DE TECIDO PLANO 100% ALGODAO DENIM SARJA 3X1 PESO 12 OZ TAMANHOS DIVERSOS LOTE 788/23 EMBALAGEM PADRAO PALETIZADA,71.837,1268.58
OP-1000425,2024-05,55041000,CHINA,"ITEM IMPORTADO CONFORME ESPECIFICACAO COMERCIAL DO FORNECEDOR RELATIVO A FIBRAS DE RAIOM VISCOSE, NÃO CARDADAS, NÃO PENTEADAS NEM TRANSFORMADAS DE OUTRO MODO PARA FIAÇÃO",90.493,8053.16
OP-1000291,2023-10,52083200,ARGENTINA,TECIDO DE ALGODAO 100% TINTO EM LONA LIGAMENTO TELA LARGURA 1.60 M GRAMATURA 280 G/M2 DESTINADO A CONFECCAO LOTE 686/21,536.134,2295.82
OP-1000384,2024-09,87083090,MEXICO,PASTILHA DE FREIO A DISCO DIANTEIRO ISENTA DE AMIANTO COMPATIVEL COM PICK-UP REF FP-882 JOGO C/ 4 PECAS LOTE 730/22 EMBALAGEM PADRAO PALETIZADA,3.499,39.27
OP-1000077,2023-11,84137090,COREIA DO SUL,BOMBA CENTRIFUGA MULTIESTAGIO VERTICAL POTENCIA 7.5 HP 220/380V VAZAO 12 M3/H PRESSAO 8.5 BAR ROTOR INOX LOTE 917/24 EMBALAGEM PADRAO PALETIZADA,48.011,1686.05
OP-1000213,2023-12,30042099,FRANCA,ANTIBIOTICO CEFTIOFUR SODICO ESTERIL PO PARA SUSPENSAO INJETAVEL USO VETERINARIO FRASCO 4G LOTE 205/21,0.051,13.67
OP-1000058,2023-01,84821010,COREIA DO SUL,ROLAMENTO DE ESFERAS RADIAL DE UMA CARREIRA REF 6205-2RS DIMENSAO 25X52X15 MM FOLGA C3 PARA MOTOR ELETRICO LOTE 925/22,0.171,5.61
OP-1000418,2024-04,32082020,MEXICO,"ITEM IMPORTADO CONFORME ESPECIFICACAO COMERCIAL DO FORNECEDOR RELATIVO A VERNIZES DE POLÍMEROS ACRÍLICOS/VINÍLICOS, DISPERSOS/DISSOLVIDOS EM MEIO NÃO AQUOSO",84.274,1615.23
OP-1000419,2023-04,84435990,MEXICO,ITEM IMPORTADO CONFORME ESPECIFICACAO COMERCIAL DO FORNECEDOR RELATIVO A OUTRAS MÁQUINAS DE IMPRESSÃO,337.386,1197.57
OP-1000301,2023-03,62034200,CHINA,CALCA MASCULINA DE TECIDO PLANO 100% ALGODAO DENIM SARJA 3X1 PESO 12 OZ TAMANHOS DIVERSOS LOTE 583/21,124.986,1391.49
OP-1000320,2023-09,22042100,JAPAO,VINHO FINO TINTO SECO ELABORADO COM UVAS CABERNET SAUVIGNON SAFRA 2022 TEOR ALCOLICO 13.5% VOL GARRAFAS 750ML EMBALAGEM PADRAO PALETIZADA,1091.588,4685.09
OP-1000359,2024-09,87082999,MEXICO,PAINEL LATERAL EXTERNO ESTAMPADO EM CHAPA DE ACO GALVANIZADO PARA CARROCERIA DE VEICULO AUTOMOTOR COD PECA 517823 LOTE 211/22 EMBALAGEM PADRAO PALETIZADA,18.839,158.45
OP-1000007,2023-12,84818099,MEXICO,VALVULA DE CONTROLE PNEUMATICA MODELO VCP-40 DN 50 CORPO EM ACO INOX AISI 316 PRESSAO 150 LBS APLICACAO INDUSTRIAL LOTE 821/21,11.407,319.74
OP-1000235,2023-08,39233090,ESTADOS UNIDOS,FRASCOS DE POLIETILENO TEREFTALATO (PET) CAPACIDADE 500 ML CRISTAL TRANSPARENTE COM GARGALO 28MM PCO 1881 LOTE 475/23,1871.332,3741.98
OP-1000267,2024-04,38089199,JAPAO,INSETICIDA AGRICOLA FORMULACAO SUSPENSAO CONCENTRADA A BASE DE TIAMETOXAM 350 G/L GL COM 5 LITROS LOTE 477/23 EMBALAGEM PADRAO PALETIZADA,7.199,114.96
OP-1000142,2024-08,85044021,CHINA,FONTE DE ALIMENTACAO CHAVEADA AC/DC ENTRADA 100-240V SAIDA 24VDC 10A 240W MODELO HDR-240-24 TRILHO DIN LOTE 952/23 EMBALAGEM PADRAO PALETIZADA,0.992,55.98
OP-1000167,2023-09,85365090,ALEMANHA,INTERRUPTOR SECCIONADOR ROTATIVO TRIPOLAR 63A 690V FIXACAO FRONTAL IP65 COM MANOPLA TRAVAVEL LOTE 699/23,0.369,24.97
OP-1000283,2024-09,31021010,ESTADOS UNIDOS,UREIA AGRICOLA FERTILIZANTE GRANULADA COM TEOR MINIMO DE 46% DE NITROGENIO TOTAL EMBALAGEM BIG BAG DE 1000 KG LOTE 647/21 EMBALAGEM PADRAO PALETIZADA,52664.224,29227.8
OP-1000463,2024-11,84515020,ARGENTINA,ITEM IMPORTADO CONFORME ESPECIFICACAO COMERCIAL DO FORNECEDOR RELATIVO A MÁQUINAS AUTOMÁTICAS PARA ENFESTAR OU CORTAR TECIDOS,240.363,7825.28
OP-1000285,2023-02,31021010,JAPAO,UREIA AGRICOLA FERTILIZANTE GRANULADA COM TEOR MINIMO DE 46% DE NITROGENIO TOTAL EMBALAGEM BIG BAG DE 1000 KG EMBALAGEM PADRAO PALETIZADA,76195.176,33557.56
OP-1000421,2023-02,90211920,FRANCA,ITEM IMPORTADO CONFORME ESPECIFICACAO COMERCIAL DO FORNECEDOR RELATIVO A ARTIGOS E APARELHOS PARA FRATURAS,182.624,9206.25
OP-1000483,2024-01,84186999,JAPAO,"ITEM IMPORTADO CONFORME ESPECIFICACAO COMERCIAL DO FORNECEDOR RELATIVO A OUTROS MATERIAIS/MÁQUINAS/APARELHOS, PARA PRODUZIR FRIO, E BOMBAS DE CALOR",367.263,2980.45
OP-1000035,2023-02,84818099,INDIA,VALVULA DE RETENCAO DE FLUXO REF VRET-12 EM BRONZE CONEXAO ROSCADA 1/2 POLEGADA NPT LOTE 158/21 EMBALAGEM PADRAO PALETIZADA,2.119,55.9
OP-1000373,2024-08,87082999,JAPAO,PAINEL LATERAL EXTERNO ESTAMPADO EM CHAPA DE ACO GALVANIZADO PARA CARROCERIA DE VEICULO AUTOMOTOR COD PECA 517823 LOTE 788/22,20.865,140.22
OP-1000164,2024-05,85365090,FRANCA,INTERRUPTOR SECCIONADOR ROTATIVO TRIPOLAR 63A 690V FIXACAO FRONTAL IP65 COM MANOPLA TRAVAVEL EMBALAGEM PADRAO PALETIZADA,0.384,35.76
OP-1000133,2023-02,85044021,INDIA,FONTE DE ALIMENTACAO CHAVEADA AC/DC ENTRADA 100-240V SAIDA 24VDC 10A 240W MODELO HDR-240-24 TRILHO DIN LOTE 340/23 EMBALAGEM PADRAO PALETIZADA,1.257,48.92
OP-1000305,2023-08,62034200,ITALIA,CALCA MASCULINA DE TECIDO PLANO 100% ALGODAO DENIM SARJA 3X1 PESO 12 OZ TAMANHOS DIVERSOS LOTE 258/23,110.406,1382.47
OP-1000400,2023-12,87089990,ARGENTINA,BARRA ESTABILIZADORA DA SUSPENSAO DIANTEIRA FORJADA EM ACO LIGA DE ALTA RESISTENCIA DIAMETRO 24MM LOTE 240/24 EMBALAGEM PADRAO PALETIZADA,9.324,40.18
OP-1000322,2023-01,22042100,ALEMANHA,VINHO FINO TINTO SECO ELABORADO COM UVAS CABERNET SAUVIGNON SAFRA 2022 TEOR ALCOLICO 13.5% VOL GARRAFAS 750ML EMBALAGEM PADRAO PALETIZADA,1186.899,3377.1
OP-1000104,2024-05,85423190,ITALIA,CIRCUITO INTEGRADO MICROCONTROLADOR SMD 32 BITS NUCLEO ARM CORTEX-M4 FLASH 512KB ENCAPSULAMENTO LQFP-64 EMBALAGEM PADRAO PALETIZADA,0.003,4.91
OP-1000223,2023-09,39012010,ARGENTINA,RESINA POLIETILENO DE ALTA DENSIDADE (PEAD) VIRGEM EM PELETS GRAU SOPRO INDICE FLUIDEZ 0.3 G/10MIN DENSIDADE 0.954 LOTE 465/21,30428.715,40322.51
OP-1000350,2023-09,18063210,ARGENTINA,CHOCOLATE EM TABLETES CONTENDO CACAU RECHEADO EM EMBALAGENS DE 100G PARA CONSUMO DIRETO LOTE 838/24 EMBALAGEM PADRAO PALETIZADA,360.405,2618.24
OP-1000410,2023-03,87089990,COREIA DO SUL,BARRA ESTABILIZADORA DA SUSPENSAO DIANTEIRA FORJADA EM ACO LIGA DE ALTA RESISTENCIA DIAMETRO 24MM LOTE 650/22,7.757,52.95
OP-1000217,2024-11,39012010,FRANCA,RESINA POLIETILENO DE ALTA DENSIDADE (PEAD) VIRGEM EM PELETS GRAU SOPRO INDICE FLUIDEZ 0.3 G/10MIN DENSIDADE 0.954 LOTE 877/24,21283.989,31057.73
OP-1000022,2023-03,84818099,FRANCA,VALVULA DE CONTROLE PNEUMATICA MODELO VCP-40 DN 50 CORPO EM ACO INOX AISI 316 PRESSAO 150 LBS APLICACAO INDUSTRIAL LOTE 645/22,19.199,261.42
OP-1000065,2024-08,84822010,FRANCA,ROLAMENTO DE ROLOS CONICOS SERIE METRICA REF 32210 DIMENSAO 50X90X24.75 MM APLICACAO TRANSMISSAO AUTOMOTIVA LOTE 174/24,0.56,14.6
OP-1000099,2023-10,85423190,ALEMANHA,CIRCUITO INTEGRADO MICROCONTROLADOR SMD 32 BITS NUCLEO ARM CORTEX-M4 FLASH 512KB ENCAPSULAMENTO LQFP-64 EMBALAGEM PADRAO PALETIZADA,0.002,3.25
OP-1000109,2023-05,85423919,JAPAO,AMPLIFICADOR OPERACIONAL DE BAIXO RUIDO DUPLO TIPO SOIC-8 ALIMENTACAO 5V A 15V,0.001,0.75
OP-1000086,2024-10,84137090,JAPAO,BOMBA CENTRIFUGA MULTIESTAGIO VERTICAL POTENCIA 7.5 HP 220/380V VAZAO 12 M3/H PRESSAO 8.5 BAR ROTOR INOX LOTE 223/21,77.454,1386.81
OP-1000089,2024-08,84137090,JAPAO,BOMBA CENTRIFUGA MULTIESTAGIO VERTICAL POTENCIA 7.5 HP 220/380V VAZAO 12 M3/H PRESSAO 8.5 BAR ROTOR INOX LOTE 651/24,72.344,2277.45
OP-1000230,2023-09,39012010,INDIA,RESINA POLIETILENO DE ALTA DENSIDADE (PEAD) VIRGEM EM PELETS GRAU SOPRO INDICE FLUIDEZ 0.3 G/10MIN DENSIDADE 0.954 LOTE 844/24,36531.884,33195.15
OP-1000426,2024-01,29147911,ESTADOS UNIDOS,ITEM IMPORTADO CONFORME ESPECIFICACAO COMERCIAL DO FORNECEDOR RELATIVO A 1-CLORO-5-HEXANONA,438.619,8667.02
OP-1000062,2024-08,84822010,MEXICO,ROLAMENTO DE ROLOS CONICOS SERIE METRICA REF 32210 DIMENSAO 50X90X24.75 MM APLICACAO TRANSMISSAO AUTOMOTIVA LOTE 576/24,0.672,17.18
OP-1000076,2024-12,84137090,INDIA,BOMBA CENTRIFUGA MULTIESTAGIO VERTICAL POTENCIA 7.5 HP 220/380V VAZAO 12 M3/H PRESSAO 8.5 BAR ROTOR INOX LOTE 919/22,80.679,2117.54
OP-1000318,2024-12,22042100,ESTADOS UNIDOS,VINHO FINO TINTO SECO ELABORADO COM UVAS CABERNET SAUVIGNON SAFRA 2022 TEOR ALCOLICO 13.5% VOL GARRAFAS 750ML LOTE 590/22 EMBALAGEM PADRAO PALETIZADA,839.69,3281.47
OP-1000347,2024-01,18063210,ARGENTINA,CHOCOLATE EM TABLETES CONTENDO CACAU RECHEADO EM EMBALAGENS DE 100G PARA CONSUMO DIRETO,458.375,2326.16
OP-1000405,2024-10,87089990,CHINA,BARRA ESTABILIZADORA DA SUSPENSAO DIANTEIRA FORJADA EM ACO LIGA DE ALTA RESISTENCIA DIAMETRO 24MM LOTE 310/22 EMBALAGEM PADRAO PALETIZADA,8.432,60.79
OP-1000265,2023-05,38089199,INDIA,INSETICIDA AGRICOLA FORMULACAO SUSPENSAO CONCENTRADA A BASE DE TIAMETOXAM 350 G/L GL COM 5 LITROS EMBALAGEM PADRAO PALETIZADA,6.735,107.55
OP-1000492,2024-02,84089090,FRANCA,ITEM IMPORTADO CONFORME ESPECIFICACAO COMERCIAL DO FORNECEDOR RELATIVO A OUTROS MOTORES DIESEL/SEMIDIESEL,441.004,3544.75
OP-1000258,2024-07,38089199,ITALIA,INSETICIDA AGRICOLA FORMULACAO SUSPENSAO CONCENTRADA A BASE DE TIAMETOXAM 350 G/L GL COM 5 LITROS,7.034,133.59
OP-1000018,2024-03,84818099,ALEMANHA,VALVULA DE CONTROLE PNEUMATICA MODELO VCP-40 DN 50 CORPO EM ACO INOX AISI 316 PRESSAO 150 LBS APLICACAO INDUSTRIAL EMBALAGEM PADRAO PALETIZADA,15.576,319.83
OP-1000366,2023-01,87082999,ESTADOS UNIDOS,PAINEL LATERAL EXTERNO ESTAMPADO EM CHAPA DE ACO GALVANIZADO PARA CARROCERIA DE VEICULO AUTOMOTOR COD PECA 517823 LOTE 763/21 EMBALAGEM PADRAO PALETIZADA,13.188,158.25
OP-1000203,2023-10,30042099,ARGENTINA,ANTIBIOTICO CEFTIOFUR SODICO ESTERIL PO PARA SUSPENSAO INJETAVEL USO VETERINARIO FRASCO 4G LOTE 815/24,0.08,12.36
OP-1000041,2023-08,84818099,ESTADOS UNIDOS,VALVULA DE RETENCAO DE FLUXO REF VRET-12 EM BRONZE CONEXAO ROSCADA 1/2 POLEGADA NPT,1.015,47.1
OP-1000154,2024-10,85365090,ARGENTINA,INTERRUPTOR SECCIONADOR ROTATIVO TRIPOLAR 63A 690V FIXACAO FRONTAL IP65 COM MANOPLA TRAVAVEL LOTE 813/24 EMBALAGEM PADRAO PALETIZADA,0.452,30.79
OP-1000415,2024-12,87089990,JAPAO,BARRA ESTABILIZADORA DA SUSPENSAO DIANTEIRA FORJADA EM ACO LIGA DE ALTA RESISTENCIA DIAMETRO 24MM LOTE 889/21,5.206,67.87
OP-1000121,2024-06,85423919,JAPAO,AMPLIFICADOR OPERACIONAL DE BAIXO RUIDO DUPLO TIPO SOIC-8 ALIMENTACAO 5V A 15V,0.002,1.15
OP-1000294,2023-05,52083200,ITALIA,TECIDO DE ALGODAO 100% TINTO EM LONA LIGAMENTO TELA LARGURA 1.60 M GRAMATURA 280 G/M2 DESTINADO A CONFECCAO LOTE 565/23,461.044,2990.21
OP-1000244,2024-05,39233090,FRANCA,FRASCOS DE POLIETILENO TEREFTALATO (PET) CAPACIDADE 500 ML CRISTAL TRANSPARENTE COM GARGALO 28MM PCO 1881 LOTE 519/21,926.787,5224.49
OP-1000352,2023-05,18063210,MEXICO,CHOCOLATE EM TABLETES CONTENDO CACAU RECHEADO EM EMBALAGENS DE 100G PARA CONSUMO DIRETO EMBALAGEM PADRAO PALETIZADA,371.874,1913.87
OP-1000275,2024-11,31021010,ITALIA,UREIA AGRICOLA FERTILIZANTE GRANULADA COM TEOR MINIMO DE 46% DE NITROGENIO TOTAL EMBALAGEM BIG BAG DE 1000 KG LOTE 424/24,51368.801,22402.2
OP-1000215,2024-05,39012010,COREIA DO SUL,RESINA POLIETILENO DE ALTA DENSIDADE (PEAD) VIRGEM EM PELETS GRAU SOPRO INDICE FLUIDEZ 0.3 G/10MIN DENSIDADE 0.954,43087.978,34458.2
OP-1000268,2024-08,31021010,CHINA,UREIA AGRICOLA FERTILIZANTE GRANULADA COM TEOR MINIMO DE 46% DE NITROGENIO TOTAL EMBALAGEM BIG BAG DE 1000 KG LOTE 771/22 EMBALAGEM PADRAO PALETIZADA,67103.618,32112.94
OP-1000420,2024-05,63064900,CHINA,"ITEM IMPORTADO CONFORME ESPECIFICACAO COMERCIAL DO FORNECEDOR RELATIVO A COLCHÕES PNEUMÁTICOS, DE OUTRAS MATÉRIAS TÊXTEIS",22.975,8636.14
OP-1000454,2024-03,28299012,ALEMANHA,ITEM IMPORTADO CONFORME ESPECIFICACAO COMERCIAL DO FORNECEDOR RELATIVO A BROMATOS DE POTÁSSIO,46.897,8480.39
OP-1000438,2024-07,39073019,MEXICO,"ITEM IMPORTADO CONFORME ESPECIFICACAO COMERCIAL DO FORNECEDOR RELATIVO A RESINAS EPOXIDAS COM CARGA, EM OUTRAS FORMAS PRIMÁRIAS",32.079,6641.32
OP-1000284,2023-02,31021010,ALEMANHA,UREIA AGRICOLA FERTILIZANTE GRANULADA COM TEOR MINIMO DE 46% DE NITROGENIO TOTAL EMBALAGEM BIG BAG DE 1000 KG LOTE 506/24,44628.563,33747.94
OP-1000117,2023-09,85423919,ARGENTINA,AMPLIFICADOR OPERACIONAL DE BAIXO RUIDO DUPLO TIPO SOIC-8 ALIMENTACAO 5V A 15V EMBALAGEM PADRAO PALETIZADA,0.001,0.97
OP-1000302,2023-12,62034200,COREIA DO SUL,CALCA MASCULINA DE TECIDO PLANO 100% ALGODAO DENIM SARJA 3X1 PESO 12 OZ TAMANHOS DIVERSOS LOTE 491/24 EMBALAGEM PADRAO PALETIZADA,76.328,994.88
OP-1000388,2024-04,87083090,COREIA DO SUL,PASTILHA DE FREIO A DISCO DIANTEIRO ISENTA DE AMIANTO COMPATIVEL COM PICK-UP REF FP-882 JOGO C/ 4 PECAS EMBALAGEM PADRAO PALETIZADA,3.558,38.54
OP-1000212,2024-02,30042099,INDIA,ANTIBIOTICO CEFTIOFUR SODICO ESTERIL PO PARA SUSPENSAO INJETAVEL USO VETERINARIO FRASCO 4G LOTE 936/22 EMBALAGEM PADRAO PALETIZADA,0.061,15.26
OP-1000278,2024-09,31021010,FRANCA,UREIA AGRICOLA FERTILIZANTE GRANULADA COM TEOR MINIMO DE 46% DE NITROGENIO TOTAL EMBALAGEM BIG BAG DE 1000 KG,74277.771,23499.2
OP-1000414,2024-04,87089990,ALEMANHA,BARRA ESTABILIZADORA DA SUSPENSAO DIANTEIRA FORJADA EM ACO LIGA DE ALTA RESISTENCIA DIAMETRO 24MM LOTE 635/23,9.168,64.62
OP-1000177,2023-06,30049099,CHINA,MEDICAMENTO PARA USO HUMANO A BASE DE CLORIDRATO DE ONDANSETRONA 8MG COMPRIMIDOS CX C/ 30 UNIDADES EMBALAGEM PADRAO PALETIZADA,0.114,16.48
OP-1000343,2023-03,09011110,COREIA DO SUL,CAFE CRU EM GRAO NAO DESCAFEINADO TIPO ARABICA SAFRA RECENTE SACAS DE JUTA DE 60 KG LOTE 402/22 EMBALAGEM PADRAO PALETIZADA,21150.589,71697.99
OP-1000044,2024-10,84821010,ITALIA,ROLAMENTO DE ESFERAS RADIAL DE UMA CARREIRA REF 6205-2RS DIMENSAO 25X52X15 MM FOLGA C3 PARA MOTOR ELETRICO LOTE 370/24,0.175,7.89
OP-1000475,2023-01,30042062,ARGENTINA,"ITEM IMPORTADO CONFORME ESPECIFICACAO COMERCIAL DO FORNECEDOR RELATIVO A MEDICAMENTO CONTENDO DAUNORUBICINA, EM DOSES",459.03,2054.57
OP-1000342,2023-08,09011110,FRANCA,CAFE CRU EM GRAO NAO DESCAFEINADO TIPO ARABICA SAFRA RECENTE SACAS DE JUTA DE 60 KG EMBALAGEM PADRAO PALETIZADA,18011.875,86059.69
OP-1000357,2023-03,87082999,COREIA DO SUL,PAINEL LATERAL EXTERNO ESTAMPADO EM CHAPA DE ACO GALVANIZADO PARA CARROCERIA DE VEICULO AUTOMOTOR COD PECA 517823 LOTE 712/24 EMBALAGEM PADRAO PALETIZADA,11.13,122.06
OP-1000386,2024-05,87083090,JAPAO,PASTILHA DE FREIO A DISCO DIANTEIRO ISENTA DE AMIANTO COMPATIVEL COM PICK-UP REF FP-882 JOGO C/ 4 PECAS LOTE 795/21,3.539,26.39
OP-1000078,2024-06,84137090,MEXICO,BOMBA CENTRIFUGA MULTIESTAGIO VERTICAL POTENCIA 7.5 HP 220/380V VAZAO 12 M3/H PRESSAO 8.5 BAR ROTOR INOX,77.979,2220.84
OP-1000032,2023-06,84818099,ITALIA,VALVULA DE RETENCAO DE FLUXO REF VRET-12 EM BRONZE CONEXAO ROSCADA 1/2 POLEGADA NPT LOTE 592/22 EMBALAGEM PADRAO PALETIZADA,1.944,70.81
OP-1000289,2024-05,52083200,COREIA DO SUL,TECIDO DE ALGODAO 100% TINTO EM LONA LIGAMENTO TELA LARGURA 1.60 M GRAMATURA 280 G/M2 DESTINADO A CONFECCAO,738.793,3554.34
OP-1000138,2024-03,85044021,CHINA,FONTE DE ALIMENTACAO CHAVEADA AC/DC ENTRADA 100-240V SAIDA 24VDC 10A 240W MODELO HDR-240-24 TRILHO DIN LOTE 793/22,0.735,40.62
OP-1000429,2023-08,16055600,FRANCA,"ITEM IMPORTADO CONFORME ESPECIFICACAO COMERCIAL DO FORNECEDOR RELATIVO A PREPARAÇÕES E CONSERVAS, DE AMEIJOAS, BERBIGÕES E ARCAS",184.769,9719.98
OP-1000116,2024-02,85423919,ARGENTINA,AMPLIFICADOR OPERACIONAL DE BAIXO RUIDO DUPLO TIPO SOIC-8 ALIMENTACAO 5V A 15V LOTE 395/24 EMBALAGEM PADRAO PALETIZADA,0.001,1.26
OP-1000446,2023-07,29072100,ARGENTINA,ITEM IMPORTADO CONFORME ESPECIFICACAO COMERCIAL DO FORNECEDOR RELATIVO A RESORCINOL E SEUS SAIS,75.014,7126.02
OP-1000239,2024-11,39233090,JAPAO,FRASCOS DE POLIETILENO TEREFTALATO (PET) CAPACIDADE 500 ML CRISTAL TRANSPARENTE COM GARGALO 28MM PCO 1881 LOTE 602/22,1429.081,7665.17
OP-1000226,2023-07,39012010,JAPAO,RESINA POLIETILENO DE ALTA DENSIDADE (PEAD) VIRGEM EM PELETS GRAU SOPRO INDICE FLUIDEZ 0.3 G/10MIN DENSIDADE 0.954,38845.236,35594.61
OP-1000135,2023-02,85044021,ARGENTINA,FONTE DE ALIMENTACAO CHAVEADA AC/DC ENTRADA 100-240V SAIDA 24VDC 10A 240W MODELO HDR-240-24 TRILHO DIN,0.772,32.53
OP-1000023,2024-08,84818099,INDIA,VALVULA DE RETENCAO DE FLUXO REF VRET-12 EM BRONZE CONEXAO ROSCADA 1/2 POLEGADA NPT LOTE 316/22 EMBALAGEM PADRAO PALETIZADA,2.09,40.07
OP-1000229,2024-01,39012010,FRANCA,RESINA POLIETILENO DE ALTA DENSIDADE (PEAD) VIRGEM EM PELETS GRAU SOPRO INDICE FLUIDEZ 0.3 G/10MIN DENSIDADE 0.954,27620.527,47064.49
OP-1000096,2023-09,85423190,FRANCA,CIRCUITO INTEGRADO MICROCONTROLADOR SMD 32 BITS NUCLEO ARM CORTEX-M4 FLASH 512KB ENCAPSULAMENTO LQFP-64,0.003,3.56
OP-1000452,2024-09,24021000,ESTADOS UNIDOS,"ITEM IMPORTADO CONFORME ESPECIFICACAO COMERCIAL DO FORNECEDOR RELATIVO A CHARUTOS E CIGARRILHAS, QUE CONTENHAM TABACO",291.58,2625.27
OP-1000196,2024-08,30022029,ESTADOS UNIDOS,VACINA PARA USO VETERINARIO INATIVADA CONTRA CLOSTRIDIOSE EM FRASCO AMPOLA CONTENDO 50 DOSES 100ML LOTE 493/24 EMBALAGEM PADRAO PALETIZADA,0.152,11.55
OP-1000190,2023-03,30022029,ALEMANHA,VACINA PARA USO VETERINARIO INATIVADA CONTRA CLOSTRIDIOSE EM FRASCO AMPOLA CONTENDO 50 DOSES 100ML LOTE 216/22 EMBALAGEM PADRAO PALETIZADA,0.161,9.19
OP-1000095,2024-10,85423190,JAPAO,CIRCUITO INTEGRADO MICROCONTROLADOR SMD 32 BITS NUCLEO ARM CORTEX-M4 FLASH 512KB ENCAPSULAMENTO LQFP-64 LOTE 584/23,0.002,4.62
OP-1000199,2024-09,30022029,INDIA,VACINA PARA USO VETERINARIO INATIVADA CONTRA CLOSTRIDIOSE EM FRASCO AMPOLA CONTENDO 50 DOSES 100ML,0.162,12.08
OP-1000279,2024-11,31021010,INDIA,UREIA AGRICOLA FERTILIZANTE GRANULADA COM TEOR MINIMO DE 46% DE NITROGENIO TOTAL EMBALAGEM BIG BAG DE 1000 KG,46113.74,27175.3
OP-1000329,2024-06,22042100,JAPAO,VINHO FINO TINTO SECO ELABORADO COM UVAS CABERNET SAUVIGNON SAFRA 2022 TEOR ALCOLICO 13.5% VOL GARRAFAS 750ML LOTE 117/24 EMBALAGEM PADRAO PALETIZADA,641.732,4320.02
OP-1000047,2024-06,84821010,ALEMANHA,ROLAMENTO DE ESFERAS RADIAL DE UMA CARREIRA REF 6205-2RS DIMENSAO 25X52X15 MM FOLGA C3 PARA MOTOR ELETRICO,0.105,9.01
OP-1000500,2024-02,84383000,INDIA,ITEM IMPORTADO CONFORME ESPECIFICACAO COMERCIAL DO FORNECEDOR RELATIVO A MÁQUINAS E APARELHOS PARA A INDÚSTRIA DE AÇÚCAR,361.297,7313.24
OP-1000480,2023-05,09101200,ALEMANHA,"ITEM IMPORTADO CONFORME ESPECIFICACAO COMERCIAL DO FORNECEDOR RELATIVO A GENGIBRE, TRITURADO OU EM PÓ",366.444,4396.84
OP-1000459,2024-08,60062100,MEXICO,"ITEM IMPORTADO CONFORME ESPECIFICACAO COMERCIAL DO FORNECEDOR RELATIVO A OUTROS TECIDOS DE MALHA, DE ALGODÃO, CRUS OU BRANQUEADOS",123.647,2986.3
OP-1000251,2023-10,39233090,INDIA,FRASCOS DE POLIETILENO TEREFTALATO (PET) CAPACIDADE 500 ML CRISTAL TRANSPARENTE COM GARGALO 28MM PCO 1881 LOTE 409/24,879.977,7227.11
OP-1000242,2023-05,39233090,ITALIA,FRASCOS DE POLIETILENO TEREFTALATO (PET) CAPACIDADE 500 ML CRISTAL TRANSPARENTE COM GARGALO 28MM PCO 1881,1511.558,4095.16
OP-1000204,2024-01,30042099,INDIA,ANTIBIOTICO CEFTIOFUR SODICO ESTERIL PO PARA SUSPENSAO INJETAVEL USO VETERINARIO FRASCO 4G LOTE 436/22 EMBALAGEM PADRAO PALETIZADA,0.089,11.67
OP-1000402,2024-02,87089990,ALEMANHA,BARRA ESTABILIZADORA DA SUSPENSAO DIANTEIRA FORJADA EM ACO LIGA DE ALTA RESISTENCIA DIAMETRO 24MM LOTE 553/22,9.267,61.63
OP-1000158,2023-03,85365090,FRANCA,INTERRUPTOR SECCIONADOR ROTATIVO TRIPOLAR 63A 690V FIXACAO FRONTAL IP65 COM MANOPLA TRAVAVEL LOTE 757/21,0.292,41.92
OP-1000060,2024-10,84821010,JAPAO,ROLAMENTO DE ESFERAS RADIAL DE UMA CARREIRA REF 6205-2RS DIMENSAO 25X52X15 MM FOLGA C3 PARA MOTOR ELETRICO LOTE 512/23 EMBALAGEM PADRAO PALETIZADA,0.191,5.83
OP-1000433,2024-12,62131000,JAPAO,"ITEM IMPORTADO CONFORME ESPECIFICACAO COMERCIAL DO FORNECEDOR RELATIVO A LENÇOS DE ASSOAR E DE BOLSO, DE SEDA/DESPERDÍCIOS DE SEDA",52.871,5321.65
OP-1000243,2024-06,39233090,FRANCA,FRASCOS DE POLIETILENO TEREFTALATO (PET) CAPACIDADE 500 ML CRISTAL TRANSPARENTE COM GARGALO 28MM PCO 1881 EMBALAGEM PADRAO PALETIZADA,1316.383,5934.89
OP-1000042,2023-01,84821010,INDIA,ROLAMENTO DE ESFERAS RADIAL DE UMA CARREIRA REF 6205-2RS DIMENSAO 25X52X15 MM FOLGA C3 PARA MOTOR ELETRICO LOTE 667/23 EMBALAGEM PADRAO PALETIZADA,0.189,7.37
OP-1000150,2024-10,85044021,ARGENTINA,FONTE DE ALIMENTACAO CHAVEADA AC/DC ENTRADA 100-240V SAIDA 24VDC 10A 240W MODELO HDR-240-24 TRILHO DIN LOTE 368/24 EMBALAGEM PADRAO PALETIZADA,0.743,35.91
OP-1000327,2023-12,22042100,FRANCA,VINHO FINO TINTO SECO ELABORADO COM UVAS CABERNET SAUVIGNON SAFRA 2022 TEOR ALCOLICO 13.5% VOL GARRAFAS 750ML EMBALAGEM PADRAO PALETIZADA,779.519,3369.28
OP-1000088,2024-09,84137090,ARGENTINA,BOMBA CENTRIFUGA MULTIESTAGIO VERTICAL POTENCIA 7.5 HP 220/380V VAZAO 12 M3/H PRESSAO 8.5 BAR ROTOR INOX LOTE 570/22,77.019,1217.58
OP-1000106,2023-06,85423190,ESTADOS UNIDOS,CIRCUITO INTEGRADO MICROCONTROLADOR SMD 32 BITS NUCLEO ARM CORTEX-M4 FLASH 512KB ENCAPSULAMENTO LQFP-64 EMBALAGEM PADRAO PALETIZADA,0.002,3.21
OP-1000014,2024-02,84818099,MEXICO,VALVULA DE CONTROLE PNEUMATICA MODELO VCP-40 DN 50 CORPO EM ACO INOX AISI 316 PRESSAO 150 LBS APLICACAO INDUSTRIAL LOTE 508/23,19.104,311.47
OP-1000495,2023-10,27160000,CHINA,ITEM IMPORTADO CONFORME ESPECIFICACAO COMERCIAL DO FORNECEDOR RELATIVO A ENERGIA ELÉTRICA,160.04,9519.04
OP-1000103,2023-08,85423190,ESTADOS UNIDOS,CIRCUITO INTEGRADO MICROCONTROLADOR SMD 32 BITS NUCLEO ARM CORTEX-M4 FLASH 512KB ENCAPSULAMENTO LQFP-64 EMBALAGEM PADRAO PALETIZADA,0.003,5.37
OP-1000246,2023-04,39233090,CHINA,FRASCOS DE POLIETILENO TEREFTALATO (PET) CAPACIDADE 500 ML CRISTAL TRANSPARENTE COM GARGALO 28MM PCO 1881 LOTE 411/22,1010.324,5651.68
OP-1000308,2023-07,62034200,INDIA,CALCA MASCULINA DE TECIDO PLANO 100% ALGODAO DENIM SARJA 3X1 PESO 12 OZ TAMANHOS DIVERSOS LOTE 894/21,63.636,1291.59
OP-1000321,2023-11,22042100,FRANCA,VINHO FINO TINTO SECO ELABORADO COM UVAS CABERNET SAUVIGNON SAFRA 2022 TEOR ALCOLICO 13.5% VOL GARRAFAS 750ML LOTE 479/23,1091.344,5156.62
OP-1000499,2024-02,55152900,ALEMANHA,ITEM IMPORTADO CONFORME ESPECIFICACAO COMERCIAL DO FORNECEDOR RELATIVO A OUTROS TECIDOS DE FIBRAS DESCONTÍNUAS ACRÍLICAS OU MODACRÍLICAS,27.724,3344.39
OP-1000422,2023-02,84219999,INDIA,"ITEM IMPORTADO CONFORME ESPECIFICACAO COMERCIAL DO FORNECEDOR RELATIVO A OUTRAS PARTES DE APARELHOS PARA FILTRAR OU DEPURAR LÍQUIDOS, ETC.",401.755,7154.51
OP-1000151,2024-08,85365090,CHINA,INTERRUPTOR SECCIONADOR ROTATIVO TRIPOLAR 63A 690V FIXACAO FRONTAL IP65 COM MANOPLA TRAVAVEL LOTE 674/23 EMBALAGEM PADRAO PALETIZADA,0.287,27.04
OP-1000045,2023-09,84821010,COREIA DO SUL,ROLAMENTO DE ESFERAS RADIAL DE UMA CARREIRA REF 6205-2RS DIMENSAO 25X52X15 MM FOLGA C3 PARA MOTOR ELETRICO,0.217,4.6
OP-1000219,2023-08,39012010,CHINA,RESINA POLIETILENO DE ALTA DENSIDADE (PEAD) VIRGEM EM PELETS GRAU SOPRO INDICE FLUIDEZ 0.3 G/10MIN DENSIDADE 0.954 LOTE 912/24,25422.793,31436.83
OP-1000002,2024-02,84818099,MEXICO,VALVULA DE CONTROLE PNEUMATICA MODELO VCP-40 DN 50 CORPO EM ACO INOX AISI 316 PRESSAO 150 LBS APLICACAO INDUSTRIAL,21.964,388.34
OP-1000185,2024-01,30049099,ALEMANHA,MEDICAMENTO PARA USO HUMANO A BASE DE CLORIDRATO DE ONDANSETRONA 8MG COMPRIMIDOS CX C/ 30 UNIDADES LOTE 335/23,0.1,13.73
OP-1000028,2023-04,84818099,ESTADOS UNIDOS,VALVULA DE RETENCAO DE FLUXO REF VRET-12 EM BRONZE CONEXAO ROSCADA 1/2 POLEGADA NPT LOTE 462/24,1.464,49.32
OP-1000079,2023-05,84137090,COREIA DO SUL,BOMBA CENTRIFUGA MULTIESTAGIO VERTICAL POTENCIA 7.5 HP 220/380V VAZAO 12 M3/H PRESSAO 8.5 BAR ROTOR INOX LOTE 286/21,63.4,1120.9
OP-1000252,2023-03,39233090,FRANCA,FRASCOS DE POLIETILENO TEREFTALATO (PET) CAPACIDADE 500 ML CRISTAL TRANSPARENTE COM GARGALO 28MM PCO 1881 LOTE 261/24,1905.701,5256.86
OP-1000431,2024-02,03061610,CHINA,"ITEM IMPORTADO CONFORME ESPECIFICACAO COMERCIAL DO FORNECEDOR RELATIVO A CAMARÕES DE ÁGUA FRIA (PANDALUS SPP.) INTEIROS, CONGELADOS",117.266,3496.92
OP-1000282,2024-09,31021010,FRANCA,UREIA AGRICOLA FERTILIZANTE GRANULADA COM TEOR MINIMO DE 46% DE NITROGENIO TOTAL EMBALAGEM BIG BAG DE 1000 KG EMBALAGEM PADRAO PALETIZADA,86426.765,33674.39
OP-1000293,2024-11,52083200,JAPAO,TECIDO DE ALGODAO 100% TINTO EM LONA LIGAMENTO TELA LARGURA 1.60 M GRAMATURA 280 G/M2 DESTINADO A CONFECCAO EMBALAGEM PADRAO PALETIZADA,563.748,3550.5
OP-1000202,2024-12,30042099,JAPAO,ANTIBIOTICO CEFTIOFUR SODICO ESTERIL PO PARA SUSPENSAO INJETAVEL USO VETERINARIO FRASCO 4G LOTE 717/22,0.079,15.32
OP-1000026,2023-11,84818099,CHINA,VALVULA DE RETENCAO DE FLUXO REF VRET-12 EM BRONZE CONEXAO ROSCADA 1/2 POLEGADA NPT,0.918,36.33
OP-1000050,2024-12,84821010,MEXICO,ROLAMENTO DE ESFERAS RADIAL DE UMA CARREIRA REF 6205-2RS DIMENSAO 25X52X15 MM FOLGA C3 PARA MOTOR ELETRICO EMBALAGEM PADRAO PALETIZADA,0.168,8.66
OP-1000122,2024-03,85423919,ESTADOS UNIDOS,AMPLIFICADOR OPERACIONAL DE BAIXO RUIDO DUPLO TIPO SOIC-8 ALIMENTACAO 5V A 15V LOTE 763/22,0.001,1.25
OP-1000153,2024-04,85365090,JAPAO,INTERRUPTOR SECCIONADOR ROTATIVO TRIPOLAR 63A 690V FIXACAO FRONTAL IP65 COM MANOPLA TRAVAVEL,0.299,44.3
OP-1000145,2024-07,85044021,CHINA,FONTE DE ALIMENTACAO CHAVEADA AC/DC ENTRADA 100-240V SAIDA 24VDC 10A 240W MODELO HDR-240-24 TRILHO DIN,0.558,59.65
OP-1000339,2023-11,09011110,INDIA,CAFE CRU EM GRAO NAO DESCAFEINADO TIPO ARABICA SAFRA RECENTE SACAS DE JUTA DE 60 KG EMBALAGEM PADRAO PALETIZADA,29126.081,58362.29
OP-1000136,2024-10,85044021,MEXICO,FONTE DE ALIMENTACAO CHAVEADA AC/DC ENTRADA 100-240V SAIDA 24VDC 10A 240W MODELO HDR-240-24 TRILHO DIN LOTE 274/22,0.645,50.46
